car_name,year,price,color,fuel type,origin,car license,gearbox,engine size,ad publish date,features,passenger,Payment method
هونداي اكسنت,2010,30000,فيراني ,بنزين ,تأجير ,فلسطينية ,نصف اوتوماتيك ,1400,26/01/2021,"مُكيّف,إغلاق مركزي,جهاز إنذار,مسجل CD,وسادة حماية هوائية",4+1 ,إمكانية التقسيط 
اودي A4,2000,28000,كحلي ,بنزين ,خصوصي ,فلسطينية ,اوتوماتيك ,1800,10/12/2020,"مُكيّف,إغلاق مركزي,مسجل CD,فتحة سقف,جنطات مغنيسيوم,وسادة حماية هوائية",4+1 ,نقدا فقط 
مرسيدس 300,1986,13000,أبيض ,ديزل ,عمومي ,فلسطينية ,عادي ,3000,29/11/2020,"فرش جلد,وسادة حماية هوائية",7+1 ,نقدا فقط 
فولكسفاجن بولو,2008,38000,سكني ,بنزين ,خصوصي ,فلسطينية ,عادي ,1400,09/02/2021,"مُكيّف,جنطات مغنيسيوم",4+1 ,إمكانية التقسيط 
هوندا سيفيك,2007,35000,أسود ,بنزين ,خصوصي ,فلسطينية ,اوتوماتيك ,1800,28/12/2020,"مُكيّف,إغلاق مركزي,جهاز إنذار,مسجل CD,جنطات مغنيسيوم,فرش جلد,وسادة حماية هوائية",4+1 ,نقدا فقط 
كيا سيراتو,2006,35000,أسود ميتالك ,بنزين ,خصوصي ,فلسطينية ,اوتوماتيك ,1600,26/01/2021,"مُكيّف,إغلاق مركزي,جهاز إنذار,مسجل CD,جنطات مغنيسيوم,فرش جلد,وسادة حماية هوائية",4+1 ,نقدا فقط 
سكودا فابيا,2017,55000,كحلي ,بنزين ,خصوصي ,فلسطينية ,عادي ,1200,12/01/2021,"مُكيّف,إغلاق مركزي,مسجل CD,جنطات مغنيسيوم,وسادة حماية هوائية",4+1 ,نقدا فقط 
هونداي افانتي,2006,28000,رمادي ,بنزين ,خصوصي ,فلسطينية ,عادي ,1600,10/12/2020,"مُكيّف,إغلاق مركزي,جهاز إنذار,مسجل CD,جنطات مغنيسيوم,فرش جلد,وسادة حماية هوائية",4+1 ,إمكانية التقسيط 
هونداي توسان,2018,97000,سكني ,ديزل ,خصوصي ,فلسطينية ,اوتوماتيك ,2000,24/11/2020,"مُكيّف,إغلاق مركزي,جهاز إنذار,مسجل CD,جنطات مغنيسيوم,فرش جلد,وسادة حماية هوائية",4+1 ,نقدا فقط 
اوبل كورسا,2017,46999,رمادي ,بنزين ,خصوصي ,فلسطينية ,عادي ,1400,09/02/2021,"مُكيّف,إغلاق مركزي,مسجل CD,جنطات مغنيسيوم,وسادة حماية هوائية",4+1 ,نقدا فقط 
فولكسفاجن بولو,1999,18000,أبيض عاجي ,ديزل ,عمومي ,فلسطينية ,عادي ,1900,28/12/2020,"مسجل CD,فتحة سقف,جنطات مغنيسيوم",4+1 ,إمكانية التقسيط 
هونداي i30,2014,75000,فضي ,ديزل ,خصوصي ,فلسطينية ,اوتوماتيك ,1600,26/01/2021,"مُكيّف,إغلاق مركزي,جهاز إنذار,مسجل CD,جنطات مغنيسيوم,فرش جلد,وسادة حماية هوائية",,نقدا فقط 
تويوتا لاند كروزر,2007,200000,ذهبي ,ديزل ,خصوصي ,فلسطينية ,اوتوماتيك ,3000,12/01/2021,"مُكيّف,إغلاق مركزي,جهاز إنذار,مسجل CD,فتحة سقف,فرش جلد,وسادة حماية هوائية",6+1 ,نقدا فقط 
سكودا اوكتافيا,2018,98999,أحمر ,ديزل ,خصوصي ,فلسطينية ,عادي ,2000,28/01/2021,"مُكيّف,إغلاق مركزي,جهاز إنذار,مسجل CD,جنطات مغنيسيوم,وسادة حماية هوائية",4+1 ,إمكانية التقسيط 
فولكسفاجن كادي,2012,78000,فضي ,ديزل ,خصوصي ,فلسطينية ,عادي ,1600,24/11/2020,"مُكيّف,إغلاق مركزي,جهاز إنذار,مسجل CD,فرش جلد,وسادة حماية هوائية",6+1 ,إمكانية التقسيط 
هونداي اتوس,1998,18000,أبيض ,بنزين ,خصوصي ,فلسطينية ,عادي ,999,09/02/2021,"مسجل CD,وسادة حماية هوائية",4+1 ,إمكانية التقسيط 
مرسيدس C220,2010,65000,أبيض ,ديزل ,عمومي ,فلسطينية ,اوتوماتيك ,2200,28/12/2020,"مُكيّف,إغلاق مركزي,جهاز إنذار,مسجل CD,جنطات مغنيسيوم,فرش جلد,وسادة حماية هوائية",,نقدا فقط 
كيا برايد,2011,33000,خمري ,بنزين ,تأجير ,فلسطينية ,اوتوماتيك ,1400,12/01/2021,"مُكيّف,إغلاق مركزي,جهاز إنذار,مسجل CD,وسادة حماية هوائية",4+1 ,نقدا فقط 
فولكسفاجن تيجوان,2017,135000,أبيض ,بنزين ,خصوصي ,فلسطينية ,اوتوماتيك ,1400,24/11/2020,"مُكيّف,إغلاق مركزي,جهاز إنذار,مسجل CD,جنطات مغنيسيوم,وسادة حماية هوائية",4+1 ,نقدا فقط 
كيا ريو,2010,27500,سكني ,بنزين ,خصوصي ,فلسطينية ,اوتوماتيك ,1400,28/12/2020,"مُكيّف,إغلاق مركزي,جهاز إنذار,مسجل CD",4+1 ,نقدا فقط 
هونداي الانترا,2006,20000,سكني ,ديزل ,خصوصي ,فلسطينية ,عادي ,1900,09/02/2021,"مُكيّف,إغلاق مركزي,جهاز إنذار,مسجل CD,فتحة سقف,جنطات مغنيسيوم,فرش جلد,وسادة حماية هوائية",4+1 ,إمكانية التقسيط 
هونداي i25,2017,75000,أبيض عاجي ,ديزل ,خصوصي ,فلسطينية ,اوتوماتيك ,1600,28/12/2020,"مُكيّف,إغلاق مركزي,جهاز إنذار,مسجل CD,جنطات مغنيسيوم,وسادة حماية هوائية",4+1 ,نقدا فقط 
فولكسفاجن جولف,2005,45000,سكني ,ديزل ,تدريب سياقة ,فلسطينية ,عادي ,1900,09/02/2021,"إغلاق مركزي,مسجل CD,وسادة حماية هوائية",4+1 ,إمكانية التقسيط 
سكودا اوكتافيا,2015,122000,أسود ,ديزل ,خصوصي ,فلسطينية ,اوتوماتيك ,2000,26/01/2021,"مُكيّف,إغلاق مركزي,جهاز إنذار,مسجل CD,فتحة سقف,جنطات مغنيسيوم,فرش جلد,وسادة حماية هوائية",4+1 ,إمكانية التقسيط 
مرسيدس C250,2010,80000,فضي ,بنزين ,خصوصي ,فلسطينية ,اوتوماتيك ,1800,09/02/2021,"مُكيّف,إغلاق مركزي,جهاز إنذار,مسجل CD,فتحة سقف,جنطات مغنيسيوم,فرش جلد,وسادة حماية هوائية",4+1 ,إمكانية التقسيط 
سكودا اوكتافيا,2008,46000,رصاصي ,ديزل ,خصوصي ,فلسطينية ,عادي ,1900,03/02/2021,"مُكيّف,إغلاق مركزي,جهاز إنذار,مسجل CD,جنطات مغنيسيوم,فرش جلد,وسادة حماية هوائية",4+1 ,إمكانية التقسيط 
اوبل زافيرا,2006,35000,سكني ,ديزل ,خصوصي ,فلسطينية ,عادي ,2000,12/01/2021,"مُكيّف,إغلاق مركزي,جهاز إنذار,مسجل CD,وسادة حماية هوائية",,إمكانية التقسيط 
ميتسوبيشي باجيرو,1999,55000,أزرق ,ديزل ,خصوصي ,فلسطينية ,اوتوماتيك ,2800,09/02/2021,"مُكيّف,جهاز إنذار,مسجل CD,وسادة حماية هوائية",6+1 ,نقدا فقط 
كيا برايد,2008,36000,سكني ,بنزين ,خصوصي ,فلسطينية ,اوتوماتيك ,1400,12/01/2021,"مُكيّف,مسجل CD",4+1 ,نقدا فقط 
سوبارو نملة,1983,100000,أبيض عاجي ,بنزين ,خصوصي ,فلسطينية ,عادي ,1300,26/01/2021,"مسجل CD,جنطات مغنيسيوم,فرش جلد",4+1 ,نقدا فقط 
فولكسفاجن توران,2011,50000,كحلي ,بنزين ,خصوصي ,فلسطينية ,اوتوماتيك ,1400,24/11/2020,"مُكيّف,إغلاق مركزي,جهاز إنذار,مسجل CD,فتحة سقف,فرش جلد,وسادة حماية هوائية",6+1 ,نقدا فقط 
كيا سبورتاج,2006,43000,فضي ,ديزل ,خصوصي ,فلسطينية ,اوتوماتيك ,2000,10/12/2020,"مُكيّف,إغلاق مركزي,جهاز إنذار,مسجل CD,فتحة سقف,فرش جلد",4+1 ,نقدا فقط 
بي ام دبليو 320,2016,145000,أبيض عاجي ,بنزين ,خصوصي ,فلسطينية ,اوتوماتيك ,2000,28/12/2020,"مُكيّف,إغلاق مركزي,جهاز إنذار,مسجل CD,فتحة سقف,جنطات مغنيسيوم,فرش جلد,وسادة حماية هوائية",4+1 ,نقدا فقط 
فولكسفاجن باسات,2017,158000,فضي ,ديزل ,خصوصي ,فلسطينية ,اوتوماتيك ,2000,09/02/2021,"مُكيّف,إغلاق مركزي,جهاز إنذار,مسجل CD,فتحة سقف,جنطات مغنيسيوم,فرش جلد,وسادة حماية هوائية",4+1 ,نقدا فقط 
بيجو بارتنر,2012,47000,أبيض ,ديزل ,خصوصي ,فلسطينية ,عادي ,1600,27/01/2021,"مُكيّف,إغلاق مركزي,جهاز إنذار,مسجل CD,فرش جلد",4+1 ,إمكانية التقسيط 
هونداي اكسنت,2013,56000,سكني ,ديزل ,خصوصي ,فلسطينية ,اوتوماتيك ,1600,12/01/2021,"مُكيّف,إغلاق مركزي,جهاز إنذار,مسجل CD,جنطات مغنيسيوم,فرش جلد,وسادة حماية هوائية",4+1 ,نقدا فقط 
فولكسفاجن LT,2013,75000,أصفر ,بنزين ,خصوصي ,فلسطينية ,عادي ,3000,24/11/2020,"مُكيّف,إغلاق مركزي,جهاز إنذار,مسجل CD,جنطات مغنيسيوم,فرش جلد,وسادة حماية هوائية",2+1 ,نقدا فقط 
سكودا كودياك,2018,181999,كحلي ,ديزل ,خصوصي ,فلسطينية ,اوتوماتيك ,2000,03/01/2021,"مُكيّف,جهاز إنذار,مسجل CD,جنطات مغنيسيوم,فرش جلد",6+1 ,إمكانية التقسيط 
مرسيدس 280,2007,85000,سكني ,بنزين ,خصوصي ,فلسطينية ,اوتوماتيك ,3000,28/12/2020,"مُكيّف,إغلاق مركزي,جهاز إنذار,مسجل CD,فتحة سقف,جنطات مغنيسيوم,فرش جلد,وسادة حماية هوائية",4+1 ,إمكانية التقسيط 
بيجو 308,2013,46000,ذهبي ,بنزين ,خصوصي ,فلسطينية ,اوتوماتيك ,1600,09/02/2021,"مُكيّف,إغلاق مركزي,جهاز إنذار,مسجل CD,فتحة سقف,جنطات مغنيسيوم,وسادة حماية هوائية",6+1 ,نقدا فقط 
سوبارو 1983,1983,9000,أبيض ,بنزين ,خصوصي ,فلسطينية ,عادي ,1300,27/01/2021,"مُكيّف,مسجل CD,وسادة حماية هوائية",4+1 ,نقدا فقط 
رينو فلوانس,2013,22000,بني ,ديزل ,تجاري ,نمرة صفراء ,اوتوماتيك ,1600,12/01/2021,"مُكيّف,إغلاق مركزي,جهاز إنذار,مسجل CD,وسادة حماية هوائية",4+1 ,نقدا فقط 
بيجو 207,2011,34000,رمادي ,بنزين ,خصوصي ,فلسطينية ,اوتوماتيك ,1600,24/11/2020,"مُكيّف,إغلاق مركزي,جهاز إنذار,مسجل CD,جنطات مغنيسيوم,فرش جلد,وسادة حماية هوائية",4+1 ,نقدا فقط 
سكودا اوكتافيا,2010,58000,أبيض ,ديزل ,خصوصي ,فلسطينية ,اوتوماتيك ,1600,14/01/2021,"مُكيّف,إغلاق مركزي,جهاز إنذار,مسجل CD,جنطات مغنيسيوم,وسادة حماية هوائية",4+1 ,نقدا فقط 
مرسيدس  قرش ونص ,2002,60000,سكني ,ديزل ,خصوصي ,فلسطينية ,اوتوماتيك ,2200,28/12/2020,"مُكيّف,إغلاق مركزي,مسجل CD,فتحة سقف,جنطات مغنيسيوم,وسادة حماية هوائية",4+1 ,نقدا فقط 
فولكسفاجن جولف,2001,38000,أبيض عاجي ,بنزين ,خصوصي ,فلسطينية ,عادي ,1600,09/02/2021,"إغلاق مركزي,جهاز إنذار,مسجل CD,وسادة حماية هوائية",4+1 ,نقدا فقط 
فولكسفاجن LT,2001,52000,أبيض عاجي ,ديزل ,تجاري ,فلسطينية ,عادي ,2500,12/01/2021,"مُكيّف,إغلاق مركزي,جهاز إنذار,مسجل CD,وسادة حماية هوائية",5+1 ,إمكانية التقسيط 
كيا سورينتو,2018,180000,بني ,ديزل ,خصوصي ,فلسطينية ,اوتوماتيك ,2200,27/01/2021,"مُكيّف,إغلاق مركزي,جهاز إنذار,مسجل CD,فتحة سقف,جنطات مغنيسيوم,فرش جلد,وسادة حماية هوائية",6+1 ,إمكانية التقسيط 
فولكسفاجن بولو,2018,59000,أزرق ,بنزين ,خصوصي ,فلسطينية ,عادي ,1200,29/11/2020,"مُكيّف,إغلاق مركزي,جهاز إنذار,مسجل CD,جنطات مغنيسيوم,وسادة حماية هوائية",4+1 ,نقدا فقط 
فولكسفاجن جولف,2006,48000,أزرق ,بنزين ,خصوصي ,فلسطينية ,اوتوماتيك ,1600,16/12/2020,"مُكيّف,إغلاق مركزي,جهاز إنذار,مسجل CD,جنطات مغنيسيوم,وسادة حماية هوائية",4+1 ,نقدا فقط 
سكودا اوكتافيا,2002,33999,أبيض عاجي ,ديزل ,عمومي ,فلسطينية ,عادي ,1900,28/12/2020,"مُكيّف,إغلاق مركزي,جهاز إنذار,مسجل CD,فرش جلد,وسادة حماية هوائية",,نقدا فقط 
روفر 200,1999,18000,أسود ,بنزين ,خصوصي ,فلسطينية ,عادي ,1600,09/02/2021,"مُكيّف,إغلاق مركزي,جهاز إنذار,مسجل CD,فتحة سقف,جنطات مغنيسيوم,فرش جلد,وسادة حماية هوائية",4+1 ,إمكانية التقسيط 
ايسوزو تندر,1997,50000,أبيض عاجي ,ديزل ,خصوصي ,فلسطينية ,عادي ,3100,12/01/2021,"مُكيّف,إغلاق مركزي,جهاز إنذار,مسجل CD",4+1 ,إمكانية التقسيط 
فولكسفاجن LT,2010,65000,أبيض عاجي ,ديزل ,تجاري ,فلسطينية ,عادي ,2500,27/01/2021,"إغلاق مركزي,جهاز إنذار,مسجل CD,وسادة حماية هوائية",2+1 ,إمكانية التقسيط 
سيت ابيزا,2017,63000,أبيض عاجي ,بنزين ,خصوصي ,فلسطينية ,عادي ,1000,24/11/2020,"مُكيّف,إغلاق مركزي,مسجل CD,جنطات مغنيسيوم,فرش جلد,وسادة حماية هوائية",4+1 ,نقدا فقط 
بيجو 206+,2012,37000,أحمر ,بنزين ,خصوصي ,فلسطينية ,عادي ,1400,10/12/2020,"مُكيّف,إغلاق مركزي,جهاز إنذار,مسجل CD,جنطات مغنيسيوم,وسادة حماية هوائية",4+1 ,إمكانية التقسيط 
اوبل استرا,2006,35000,فيراني ,بنزين ,خصوصي ,فلسطينية ,عادي ,1600,28/12/2020,"مُكيّف,جهاز إنذار,مسجل CD,جنطات مغنيسيوم",4+1 ,نقدا فقط 
كيا بيكانتو,2012,31999,فضي ,بنزين ,خصوصي ,فلسطينية ,عادي ,1000,09/02/2021,"مُكيّف,إغلاق مركزي,جهاز إنذار,مسجل CD,فتحة سقف,جنطات مغنيسيوم,فرش جلد,وسادة حماية هوائية",4+1 ,نقدا فقط 
هونداي i30,2010,50000,أسود ميتالك ,ديزل ,تدريب سياقة ,فلسطينية ,اوتوماتيك ,1600,12/01/2021,"مُكيّف,إغلاق مركزي,جهاز إنذار,مسجل CD,وسادة حماية هوائية",4+1 ,إمكانية التقسيط 
هونداي جيتس,2008,35500,ذهبي ,بنزين ,خصوصي ,فلسطينية ,عادي ,1400,26/01/2021,"مُكيّف,إغلاق مركزي,جهاز إنذار,مسجل CD,جنطات مغنيسيوم,فرش جلد,وسادة حماية هوائية",4+1 ,نقدا فقط 
سكودا سوبيرب,2017,178000,أحمر ,بنزين ,خصوصي ,فلسطينية ,اوتوماتيك ,2000,24/11/2020,"مُكيّف,إغلاق مركزي,جهاز إنذار,مسجل CD,فتحة سقف,جنطات مغنيسيوم,فرش جلد,وسادة حماية هوائية",4+1 ,نقدا فقط 
كيا ريو,2008,28000,أبيض ,ديزل ,عمومي ,فلسطينية ,عادي ,1600,10/12/2020,"مُكيّف,إغلاق مركزي,جهاز إنذار,مسجل CD,وسادة حماية هوائية",,إمكانية التقسيط 
هونداي اكسنت,2018,65000,أبيض ,بنزين ,خصوصي ,فلسطينية ,اوتوماتيك ,1400,28/12/2020,"مُكيّف,إغلاق مركزي,جهاز إنذار,مسجل CD,جنطات مغنيسيوم,فرش جلد,وسادة حماية هوائية",4+1 ,نقدا فقط 
تويوتا لاند كروزر,2019,470000,أبيض ,ديزل ,خصوصي ,فلسطينية ,اوتوماتيك ,2800,27/01/2021,"مُكيّف,إغلاق مركزي,جهاز إنذار,مسجل CD,فتحة سقف,جنطات مغنيسيوم,فرش جلد,وسادة حماية هوائية",6+1 ,إمكانية التقسيط 
مرسيدس 220,1996,22000,أبيض ,ديزل ,عمومي ,فلسطينية ,عادي ,220,12/01/2021,"إغلاق مركزي,مسجل CD,جنطات مغنيسيوم,وسادة حماية هوائية",4+1 ,نقدا فقط 
كيا سبورتاج,2016,100000,رمادي ,ديزل ,خصوصي ,فلسطينية ,اوتوماتيك ,1700,24/11/2020,"مُكيّف,إغلاق مركزي,جهاز إنذار,مسجل CD,فتحة سقف,جنطات مغنيسيوم,فرش جلد,وسادة حماية هوائية",4+1 ,نقدا فقط 
سكودا فابيا,2018,76999,أحمر ,بنزين ,خصوصي ,فلسطينية ,اوتوماتيك ,1000,02/02/2021,"مُكيّف,إغلاق مركزي,جهاز إنذار,مسجل CD,جنطات مغنيسيوم,وسادة حماية هوائية",4+1 ,إمكانية التقسيط 
كيا مورننغ,2016,45000,بيج ,بنزين ,خصوصي ,فلسطينية ,اوتوماتيك ,1000,28/12/2020,"مُكيّف,إغلاق مركزي,جهاز إنذار,مسجل CD,جنطات مغنيسيوم,فرش جلد,وسادة حماية هوائية",4+1 ,نقدا فقط 
اوبل فيكترا,2000,22000,سكني ,بنزين ,خصوصي ,فلسطينية ,عادي ,1800,12/01/2021,"مُكيّف,إغلاق مركزي,مسجل CD,جنطات مغنيسيوم",4+1 ,نقدا فقط 
هونداي توسان,2018,125000,أبيض عاجي ,ديزل ,خصوصي ,فلسطينية ,اوتوماتيك ,2000,27/01/2021,"مُكيّف,إغلاق مركزي,جهاز إنذار,مسجل CD,فتحة سقف,جنطات مغنيسيوم,فرش جلد,وسادة حماية هوائية",4+1 ,نقدا فقط 
اوبل كورسا,2015,39999,فيراني ,بنزين ,خصوصي ,فلسطينية ,عادي ,1400,24/11/2020,"مُكيّف,إغلاق مركزي,جهاز إنذار,مسجل CD,جنطات مغنيسيوم,وسادة حماية هوائية",4+1 ,نقدا فقط 
فولكسفاجن 2016 ,2016,125000,أبيض ,بنزين ,خصوصي ,فلسطينية ,اوتوماتيك ,1400,09/02/2021,"مُكيّف,إغلاق مركزي,جهاز إنذار,مسجل CD,فتحة سقف,جنطات مغنيسيوم,فرش جلد,وسادة حماية هوائية",4+1 ,نقدا فقط 
سوبارو نملة,1983,11000,أزرق ,بنزين ,خصوصي ,فلسطينية ,عادي ,1600,10/12/2020,"مسجل CD,جنطات مغنيسيوم,فرش جلد",4+1 ,نقدا فقط 
سكودا فابيا,2018,75000,أبيض ,بنزين ,خصوصي ,فلسطينية ,اوتوماتيك ,1200,11/01/2021,"مُكيّف,إغلاق مركزي,جهاز إنذار,مسجل CD,جنطات مغنيسيوم,فرش جلد,وسادة حماية هوائية",4+1 ,نقدا فقط 
دايو لانوس,2002,22500,خمري ,بنزين ,خصوصي ,فلسطينية ,عادي ,1500,10/02/2021,"مُكيّف,إغلاق مركزي,جهاز إنذار,مسجل CD",4+1 ,نقدا فقط 
مرسيدس 280,1980,35000,رمادي ,بنزين ,خصوصي ,فلسطينية ,اوتوماتيك ,2800,24/11/2020,"إغلاق مركزي,جهاز إنذار,مسجل CD,جنطات مغنيسيوم,فرش جلد,وسادة حماية هوائية",4+1 ,نقدا فقط 
هونداي جيتس,2009,35000,فضي ,بنزين ,خصوصي ,فلسطينية ,عادي ,1400,09/02/2021,"مُكيّف,إغلاق مركزي,جهاز إنذار,مسجل CD,جنطات مغنيسيوم,وسادة حماية هوائية",4+1 ,نقدا فقط 
فولكسفاجن كادي,2018,98999,أبيض عاجي ,ديزل ,خصوصي ,فلسطينية ,عادي ,2000,01/02/2021,"مُكيّف,إغلاق مركزي,جهاز إنذار,مسجل CD,جنطات مغنيسيوم,وسادة حماية هوائية",4+1 ,إمكانية التقسيط 
فيات دوبلو,2016,90000,بني ,ديزل ,خصوصي ,فلسطينية ,عادي ,2000,28/12/2020,"مُكيّف,إغلاق مركزي,مسجل CD,جنطات مغنيسيوم,فرش جلد",6+1 ,إمكانية التقسيط 
فولكسفاجن جولف,2016,105000,أبيض ,بنزين ,خصوصي ,فلسطينية ,اوتوماتيك ,1400,12/01/2021,"مُكيّف,إغلاق مركزي,جهاز إنذار,مسجل CD,فتحة سقف,جنطات مغنيسيوم,فرش جلد,وسادة حماية هوائية",4+1 ,إمكانية التقسيط 
اوبل كورسا,2013,39000,كرميدي ,بنزين ,خصوصي ,فلسطينية ,عادي ,1400,27/01/2021,"مُكيّف,إغلاق مركزي,جهاز إنذار,مسجل CD,جنطات مغنيسيوم,وسادة حماية هوائية",4+1 ,إمكانية التقسيط 
فولكسفاجن بولو,2018,61000,أبيض عاجي ,بنزين ,خصوصي ,فلسطينية ,عادي ,1200,09/02/2021,"مُكيّف,إغلاق مركزي,جهاز إنذار,مسجل CD,جنطات مغنيسيوم,فرش جلد,وسادة حماية هوائية",,نقدا فقط 
هوندا سيفيك,1999,10000,فضي ,بنزين ,خصوصي ,فلسطينية ,عادي ,1600,28/12/2020,"مُكيّف,مسجل CD,فتحة سقف,جنطات مغنيسيوم",4+1 ,إمكانية التقسيط 
كيا ريو,2009,34000,أبيض ,ديزل ,عمومي ,فلسطينية ,عادي ,1600,10/12/2020,"مُكيّف,إغلاق مركزي,جهاز إنذار,مسجل CD",4+1 ,إمكانية التقسيط 
ستروين  C4,2015,60000,أبيض ,ديزل ,خصوصي ,فلسطينية ,عادي ,1600,12/01/2021,"مُكيّف,إغلاق مركزي,جهاز إنذار,مسجل CD,جنطات مغنيسيوم,فرش جلد,وسادة حماية هوائية",4+1 ,إمكانية التقسيط 
بي ام دبليو BMW E46,2005,55000,كحلي ,بنزين ,خصوصي ,فلسطينية ,اوتوماتيك ,2000,27/01/2021,"مُكيّف,إغلاق مركزي,مسجل CD,فتحة سقف,جنطات مغنيسيوم,وسادة حماية هوائية",4+1 ,نقدا فقط 
كيا سبورتاج,2018,88000,أبيض ,ديزل ,خصوصي ,فلسطينية ,اوتوماتيك ,1700,24/11/2020,"مُكيّف,إغلاق مركزي,جهاز إنذار,مسجل CD,جنطات مغنيسيوم,فرش جلد,وسادة حماية هوائية",4+1 ,نقدا فقط 
تويوتا لاند كروزر,2009,220000,فضي ,ديزل ,خصوصي ,فلسطينية ,اوتوماتيك ,3000,09/02/2021,"مُكيّف,إغلاق مركزي,جهاز إنذار,مسجل CD,فتحة سقف,جنطات مغنيسيوم,وسادة حماية هوائية",7+1 ,إمكانية التقسيط 
كيا اوبتيما,2016,88000,أبيض عاجي ,ديزل ,خصوصي ,فلسطينية ,نصف اوتوماتيك ,1700,28/12/2020,"مُكيّف,إغلاق مركزي,جهاز إنذار,مسجل CD,فتحة سقف,جنطات مغنيسيوم,فرش جلد,وسادة حماية هوائية",4+1 ,إمكانية التقسيط 
بيجو بارتنر,2015,65000,بني ,ديزل ,خصوصي ,فلسطينية ,عادي ,1600,10/12/2020,"مُكيّف,إغلاق مركزي,مسجل CD,جنطات مغنيسيوم,وسادة حماية هوائية",7+1 ,إمكانية التقسيط 
سكودا فابيا,2016,62000,أحمر ,بنزين ,خصوصي ,فلسطينية ,اوتوماتيك ,1200,27/01/2021,"مُكيّف,إغلاق مركزي,جهاز إنذار,مسجل CD,وسادة حماية هوائية",,نقدا فقط 
فولكسفاجن كادي,2015,67000,سكني ,ديزل ,خصوصي ,فلسطينية ,عادي ,1600,12/01/2021,"مُكيّف,إغلاق مركزي,مسجل CD,وسادة حماية هوائية",4+1 ,نقدا فقط 
سوبارو عريض,1985,15000,أبيض ,بنزين ,خصوصي ,فلسطينية ,عادي ,1600,24/11/2020,"مسجل CD,جنطات مغنيسيوم",4+1 ,نقدا فقط 
فولكسفاجن GTI,2015,129000,أبيض ,بنزين ,خصوصي ,فلسطينية ,اوتوماتيك ,2000,28/12/2020,"مُكيّف,إغلاق مركزي,جهاز إنذار,مسجل CD,فتحة سقف,جنطات مغنيسيوم,وسادة حماية هوائية",4+1 ,إمكانية التقسيط 
فورد ترانزيت,1998,40000,أبيض ,ديزل ,عمومي ,فلسطينية ,عادي ,2500,09/02/2021,"إغلاق مركزي,جهاز إنذار,مسجل CD",,نقدا فقط 
كيا سورينتو,2015,110000,أبيض عاجي ,ديزل ,خصوصي ,فلسطينية ,نصف اوتوماتيك ,2200,10/12/2020,"مُكيّف,إغلاق مركزي,جهاز إنذار,مسجل CD,جنطات مغنيسيوم,فرش جلد,وسادة حماية هوائية",6+1 ,نقدا فقط 
سكودا اوكتافيا,2017,150000,أبيض ,بنزين ,خصوصي ,فلسطينية ,اوتوماتيك ,2000,27/01/2021,"مُكيّف,إغلاق مركزي,فتحة سقف,جنطات مغنيسيوم,وسادة حماية هوائية",4+1 ,نقدا فقط 
سوبارو B4,2008,55000,سكني ,بنزين ,خصوصي ,فلسطينية ,اوتوماتيك ,2000,12/01/2021,"مُكيّف,إغلاق مركزي,جهاز إنذار,مسجل CD,فتحة سقف,جنطات مغنيسيوم,وسادة حماية هوائية",4+1 ,نقدا فقط 
سكودا اوكتافيا,2016,83000,بني ,ديزل ,خصوصي ,فلسطينية ,عادي ,1600,24/11/2020,"مُكيّف,إغلاق مركزي,جهاز إنذار,جنطات مغنيسيوم,وسادة حماية هوائية",4+1 ,إمكانية التقسيط 
فولكسفاجن بولو,2017,86000,أحمر ,بنزين ,خصوصي ,فلسطينية ,اوتوماتيك ,1200,28/12/2020,"مُكيّف,إغلاق مركزي,جهاز إنذار,مسجل CD,فتحة سقف,جنطات مغنيسيوم,وسادة حماية هوائية",,نقدا فقط 
كيا مورننغ,2019,55000,أبيض عاجي ,بنزين ,خصوصي ,فلسطينية ,اوتوماتيك ,1000,09/02/2021,"مُكيّف,إغلاق مركزي,جهاز إنذار,مسجل CD,جنطات مغنيسيوم,فرش جلد,وسادة حماية هوائية",4+1 ,نقدا فقط 
بيجو 308 GT,2015,90000,أسود ,بنزين ,خصوصي ,فلسطينية ,اوتوماتيك ,1200,10/12/2020,"مُكيّف,إغلاق مركزي,مسجل CD,فتحة سقف,جنطات مغنيسيوم,فرش جلد,وسادة حماية هوائية",4+1 ,نقدا فقط 
فولكسفاجن كادي,2013,80000,أحمر ,ديزل ,خصوصي ,فلسطينية ,عادي ,1600,12/01/2021,"مُكيّف,إغلاق مركزي,جهاز إنذار,مسجل CD,جنطات مغنيسيوم,وسادة حماية هوائية",6+1 ,نقدا فقط 
فولكسفاجن بولو,2007,37000,أزرق ,بنزين ,خصوصي ,فلسطينية ,عادي ,1400,27/01/2021,"مُكيّف,إغلاق مركزي,جهاز إنذار,مسجل CD,جنطات مغنيسيوم",4+1 ,نقدا فقط 
فورد ترانزيت,2001,45000,أبيض عاجي ,ديزل ,عمومي ,فلسطينية ,عادي ,2400,24/11/2020,"مُكيّف,إغلاق مركزي,جهاز إنذار,مسجل CD,وسادة حماية هوائية",7+1 ,إمكانية التقسيط 
سكودا اوكتافيا,2000,27000,فيراني ,ديزل ,خصوصي ,فلسطينية ,عادي ,1600,28/12/2020,"مُكيّف,إغلاق مركزي,جهاز إنذار,مسجل CD,وسادة حماية هوائية",,إمكانية التقسيط 
كيا مورننغ,2015,40000,فيراني ,بنزين ,خصوصي ,فلسطينية ,اوتوماتيك ,1000,10/02/2021,"مُكيّف,إغلاق مركزي,جهاز إنذار,مسجل CD,جنطات مغنيسيوم,فرش جلد,وسادة حماية هوائية",4+1 ,إمكانية التقسيط 
فولكسفاجن باسات,2013,78000,كحلي ,بنزين ,خصوصي ,فلسطينية ,اوتوماتيك ,2000,12/12/2020,"مُكيّف,إغلاق مركزي,جهاز إنذار,مسجل CD,فتحة سقف,جنطات مغنيسيوم,فرش جلد,وسادة حماية هوائية",4+1 ,نقدا فقط 
سكودا اوكتافيا,2015,80000,فضي ,ديزل ,خصوصي ,فلسطينية ,اوتوماتيك ,1600,27/01/2021,"مُكيّف,مسجل CD",4+1 ,نقدا فقط 
هونداي اكسنت,1997,18500,أزرق ,بنزين ,خصوصي ,فلسطينية ,عادي ,1400,17/01/2021,"مُكيّف,مسجل CD,وسادة حماية هوائية",4+1 ,نقدا فقط 
كيا برايد,2015,50000,رصاصي ,بنزين ,خصوصي ,فلسطينية ,اوتوماتيك ,1400,24/11/2020,"مُكيّف,إغلاق مركزي,جهاز إنذار,مسجل CD,وسادة حماية هوائية",,نقدا فقط 
كيا اوبتيما,2014,64500,أسود ميتالك ,بنزين ,خصوصي ,فلسطينية ,اوتوماتيك ,2000,28/12/2020,"مُكيّف,إغلاق مركزي,جهاز إنذار,مسجل CD,جنطات مغنيسيوم,فرش جلد,وسادة حماية هوائية",4+1 ,نقدا فقط 
هونداي كليك,2006,30000,أحمر ,بنزين ,خصوصي ,فلسطينية ,اوتوماتيك ,1400,12/12/2020,"مُكيّف,جهاز إنذار,مسجل CD,جنطات مغنيسيوم",,نقدا فقط 
سكودا اوكتافيا,2014,30000,أبيض ,ديزل ,عمومي ,نمرة صفراء ,اوتوماتيك ,2000,09/02/2021,"مُكيّف,إغلاق مركزي,جهاز إنذار,مسجل CD,وسادة حماية هوائية",,نقدا فقط 
مرسيدس ١٩٩٤,1994,30000,أحمر ,ديزل ,خصوصي ,فلسطينية ,عادي ,2500,27/01/2021,"مُكيّف,إغلاق مركزي,جهاز إنذار,مسجل CD,فتحة سقف,جنطات مغنيسيوم,فرش جلد,وسادة حماية هوائية",3+1 ,إمكانية التقسيط 
ستروين 2007,2007,45000,أبيض ,ديزل ,خصوصي ,فلسطينية ,عادي ,1600,12/01/2021,"إغلاق مركزي,فتحة سقف,جنطات مغنيسيوم,وسادة حماية هوائية",4+1 ,إمكانية التقسيط 
فولكسفاجن جيتا,1984,7000,أبيض ,بنزين ,خصوصي ,فلسطينية ,عادي ,1300,24/11/2020,جنطات مغنيسيوم,3+1 ,نقدا فقط 
بيجو بارتنر,2017,72500,فضي ,ديزل ,خصوصي ,فلسطينية ,عادي ,1690,04/01/2021,"مُكيّف,إغلاق مركزي,جهاز إنذار,مسجل CD,جنطات مغنيسيوم,فرش جلد,وسادة حماية هوائية",5+1 ,إمكانية التقسيط 
بي ام دبليو BMW E46,1999,40000,أسود ,بنزين ,خصوصي ,فلسطينية ,اوتوماتيك ,2000,12/12/2020,"مُكيّف,إغلاق مركزي,جهاز إنذار,مسجل CD,جنطات مغنيسيوم,فرش جلد,وسادة حماية هوائية",4+1 ,نقدا فقط 
ستروين 2016,2016,65000,أحمر ,ديزل ,خصوصي ,فلسطينية ,عادي ,1600,09/02/2021,"مُكيّف,إغلاق مركزي,مسجل CD,جنطات مغنيسيوم,وسادة حماية هوائية",4+1 ,نقدا فقط 
ميتسوبيشي ميراج,1996,1200,رمادي ,بنزين ,خصوصي ,نمرة صفراء ,اوتوماتيك ,1600,27/01/2021,"مُكيّف,إغلاق مركزي,جهاز إنذار,مسجل CD,وسادة حماية هوائية",6+1 ,نقدا فقط 
بيجو 207,2011,35000,خمري ,بنزين ,خصوصي ,فلسطينية ,اوتوماتيك ,1600,12/01/2021,"مُكيّف,إغلاق مركزي,مسجل CD,جنطات مغنيسيوم,وسادة حماية هوائية",4+1 ,إمكانية التقسيط 
سكودا سوبيرب,2015,150000,أسود ,ديزل ,خصوصي ,فلسطينية ,اوتوماتيك ,2000,24/11/2020,"مُكيّف,إغلاق مركزي,جهاز إنذار,مسجل CD,فتحة سقف,جنطات مغنيسيوم,فرش جلد,وسادة حماية هوائية",4+1 ,إمكانية التقسيط 
كيا فورتي,2016,73000,فيراني ,ديزل ,خصوصي ,فلسطينية ,اوتوماتيك ,1600,28/12/2020,"مُكيّف,إغلاق مركزي,جهاز إنذار,مسجل CD,جنطات مغنيسيوم,فرش جلد,وسادة حماية هوائية",4+1 ,نقدا فقط 
اودي 80,1982,8500,أبيض عاجي ,بنزين ,خصوصي ,فلسطينية ,عادي ,1600,09/02/2021,"مسجل CD,جنطات مغنيسيوم",4+1 ,نقدا فقط 
اوبل زافيرا,2002,25000,أبيض عاجي ,ديزل ,خصوصي ,فلسطينية ,عادي ,2000,12/01/2021,"مُكيّف,إغلاق مركزي,جهاز إنذار,مسجل CD,وسادة حماية هوائية",6+1 ,نقدا فقط 
بيجو 306,2001,21000,سكني ,بنزين ,عمومي ,فلسطينية ,عادي ,1600,24/11/2020,"مُكيّف,إغلاق مركزي,جهاز إنذار,مسجل CD,فتحة سقف,جنطات مغنيسيوم,فرش جلد,وسادة حماية هوائية",,إمكانية التقسيط 
كيا سيراتو,2015,68000,رمادي ,بنزين ,خصوصي ,فلسطينية ,اوتوماتيك ,1600,28/12/2020,"مُكيّف,إغلاق مركزي,جهاز إنذار,مسجل CD,جنطات مغنيسيوم,وسادة حماية هوائية",4+1 ,إمكانية التقسيط 
سكودا كودياك,2018,179999,كحلي ,ديزل ,خصوصي ,فلسطينية ,اوتوماتيك ,2000,10/12/2020,"مُكيّف,إغلاق مركزي,جهاز إنذار,مسجل CD,فتحة سقف,جنطات مغنيسيوم,فرش جلد,وسادة حماية هوائية",6+1 ,نقدا فقط 
ميتسوبيشي لانسر,2015,52000,فيراني ,بنزين ,تأجير ,فلسطينية ,اوتوماتيك ,1600,09/02/2021,"مُكيّف,إغلاق مركزي,جهاز إنذار,مسجل CD,فتحة سقف,جنطات مغنيسيوم,فرش جلد,وسادة حماية هوائية",4+1 ,نقدا فقط 
مرسيدس C200,1996,35000,سكني ,بنزين ,خصوصي ,فلسطينية ,نصف اوتوماتيك ,2000,28/12/2020,"مُكيّف,إغلاق مركزي,جهاز إنذار,مسجل CD,فتحة سقف,جنطات مغنيسيوم,فرش جلد,وسادة حماية هوائية",4+1 ,نقدا فقط 
بي ام دبليو كوبرا,1997,35000,أسود ,بنزين ,خصوصي ,فلسطينية ,عادي ,1800,12/12/2020,"مُكيّف,إغلاق مركزي,مسجل CD,فتحة سقف,فرش جلد",4+1 ,نقدا فقط 
مرسيدس C220,1997,20000,أبيض عاجي ,ديزل ,عمومي ,فلسطينية ,عادي ,2155,10/02/2021,"مُكيّف,إغلاق مركزي,جنطات مغنيسيوم,وسادة حماية هوائية",,إمكانية التقسيط 
روفر s400,1999,18000,أسود ,بنزين ,عمومي ,فلسطينية ,اوتوماتيك ,1600,27/01/2021,"مسجل CD,جنطات مغنيسيوم,فرش جلد",4+1 ,إمكانية التقسيط 
هونداي سانتافيه,2008,60000,فضي ,ديزل ,خصوصي ,فلسطينية ,اوتوماتيك ,2200,27/01/2021,"مُكيّف,إغلاق مركزي,جهاز إنذار,مسجل CD,فتحة سقف,جنطات مغنيسيوم,فرش جلد,وسادة حماية هوائية",6+1 ,إمكانية التقسيط 
سكودا اوكتافيا,2012,60000,أسود ,بنزين ,خصوصي ,فلسطينية ,اوتوماتيك ,1800,09/02/2021,"مُكيّف,إغلاق مركزي,جهاز إنذار,مسجل CD,جنطات مغنيسيوم,فرش جلد,وسادة حماية هوائية",,إمكانية التقسيط 
فولكسفاجن كادي,2015,64000,أبيض عاجي ,ديزل ,عمومي ,فلسطينية ,عادي ,1600,12/01/2021,"مُكيّف,إغلاق مركزي,جهاز إنذار,مسجل CD,جنطات مغنيسيوم,وسادة حماية هوائية",6+1 ,إمكانية التقسيط 
ايسوزو 7.5,2013,90000,أبيض ,ديزل ,تجاري ,فلسطينية ,اوتوماتيك ,5200,24/11/2020,"مُكيّف,إغلاق مركزي,مسجل CD,وسادة حماية هوائية",2+1 ,نقدا فقط 
سكودا اوكتافيا,2008,48000,سكني ,ديزل ,خصوصي ,فلسطينية ,عادي ,1900,27/01/2021,"مُكيّف,إغلاق مركزي,مسجل CD,جنطات مغنيسيوم,وسادة حماية هوائية",4+1 ,نقدا فقط 
بي ام دبليو 318,2003,60000,كحلي ,بنزين ,خصوصي ,فلسطينية ,عادي ,2000,10/02/2021,"مُكيّف,إغلاق مركزي,جهاز إنذار,مسجل CD,فتحة سقف,جنطات مغنيسيوم,فرش جلد,وسادة حماية هوائية",4+1 ,إمكانية التقسيط 
فولكسفاجن كرافيل,2006,70000,أبيض ,ديزل ,عمومي ,فلسطينية ,عادي ,2500,12/01/2021,"مُكيّف,إغلاق مركزي,مسجل CD,جنطات مغنيسيوم",7+1 ,إمكانية التقسيط 
فولكسفاجن كادي,2000,25000,أبيض عاجي ,ديزل ,خصوصي ,فلسطينية ,عادي ,1900,24/11/2020,"مُكيّف,إغلاق مركزي,جهاز إنذار,مسجل CD,جنطات مغنيسيوم,فرش جلد,وسادة حماية هوائية",4+1 ,نقدا فقط 
سوبارو عريض,1987,22000,سكني ,بنزين ,تأجير ,فلسطينية ,عادي ,1600,28/12/2020,"إغلاق مركزي,جهاز إنذار,مسجل CD,جنطات مغنيسيوم,فرش جلد,وسادة حماية هوائية",4+1 ,نقدا فقط 
اوبل اسكونا,1982,12000,أزرق سماوي ,بنزين ,خصوصي ,فلسطينية ,اوتوماتيك ,1300,12/12/2020,جنطات مغنيسيوم,4+1 ,نقدا فقط 
كيا سورينتو,2015,140000,خمري ,ديزل ,خصوصي ,فلسطينية ,اوتوماتيك ,2200,10/02/2021,"مُكيّف,إغلاق مركزي,جهاز إنذار,مسجل CD,فتحة سقف,جنطات مغنيسيوم,فرش جلد,وسادة حماية هوائية",6+1 ,إمكانية التقسيط 
سكودا اوكتافيا,2013,70000,سكني ,ديزل ,خصوصي ,فلسطينية ,اوتوماتيك ,1600,27/01/2021,"مُكيّف,إغلاق مركزي,جهاز إنذار,مسجل CD,جنطات مغنيسيوم,وسادة حماية هوائية",4+1 ,إمكانية التقسيط 
كيا مورننغ,2016,45000,أزرق ,بنزين ,خصوصي ,فلسطينية ,اوتوماتيك ,1000,12/01/2021,"مُكيّف,إغلاق مركزي,جهاز إنذار,مسجل CD,جنطات مغنيسيوم,فرش جلد,وسادة حماية هوائية",4+1 ,نقدا فقط 
مازدا 6,2004,2500,رصاصي ,بنزين ,خصوصي ,نمرة صفراء ,اوتوماتيك ,2000,24/11/2020,"مُكيّف,إغلاق مركزي,جنطات مغنيسيوم,وسادة حماية هوائية",4+1 ,نقدا فقط 
فولكسفاجن كادي,2018,105000,فضي ,ديزل ,خصوصي ,فلسطينية ,اوتوماتيك ,2000,28/12/2020,"مُكيّف,إغلاق مركزي,جهاز إنذار,مسجل CD,وسادة حماية هوائية",6+1 ,نقدا فقط 
فيات دوبلو,2010,37000,فضي ,ديزل ,خصوصي ,فلسطينية ,عادي ,2000,12/12/2020,"مُكيّف,إغلاق مركزي,جهاز إنذار,مسجل CD,وسادة حماية هوائية",4+1 ,إمكانية التقسيط 
فولكسفاجن باسات,2005,40000,أسود ميتالك ,ديزل ,خصوصي ,فلسطينية ,اوتوماتيك ,2000,10/02/2021,"مُكيّف,إغلاق مركزي,جهاز إنذار,مسجل CD,جنطات مغنيسيوم,وسادة حماية هوائية",4+1 ,إمكانية التقسيط 
سكودا رابيد,2013,65000,أسود ,ديزل ,خصوصي ,فلسطينية ,عادي ,1600,27/01/2021,"مُكيّف,جهاز إنذار,مسجل CD,جنطات مغنيسيوم",4+1 ,نقدا فقط 
اوبل كورسا,2013,43000,أبيض ,بنزين ,خصوصي ,فلسطينية ,عادي ,1400,12/01/2021,"مُكيّف,إغلاق مركزي,مسجل CD,جنطات مغنيسيوم,وسادة حماية هوائية",4+1 ,نقدا فقط 
سيت ليون,2016,68000,أسود ميتالك ,بنزين ,خصوصي ,فلسطينية ,عادي ,1200,24/11/2020,"مُكيّف,إغلاق مركزي,جهاز إنذار,مسجل CD,جنطات مغنيسيوم,فرش جلد,وسادة حماية هوائية",4+1 ,نقدا فقط 
فولكسفاجن بولو,2017,59900,أبيض ,بنزين ,خصوصي ,فلسطينية ,عادي ,1200,28/12/2020,"مُكيّف,إغلاق مركزي,جهاز إنذار,مسجل CD,وسادة حماية هوائية",,نقدا فقط 
فيات باندا,2009,24000,أحمر ,بنزين ,خصوصي ,فلسطينية ,عادي ,1000,12/12/2020,إغلاق مركزي,4+1 ,إمكانية التقسيط 
فولكسفاجن بولو,2015,75000,رمادي ,بنزين ,خصوصي ,فلسطينية ,اوتوماتيك ,1400,10/02/2021,"مُكيّف,إغلاق مركزي,جهاز إنذار,مسجل CD,جنطات مغنيسيوم,فرش جلد,وسادة حماية هوائية",4+1 ,إمكانية التقسيط 
فيات بونتو,2008,26000,رمادي ,بنزين ,خصوصي ,فلسطينية ,عادي ,1250,27/01/2021,"مُكيّف,إغلاق مركزي,مسجل CD,وسادة حماية هوائية",4+1 ,نقدا فقط 
سكودا اوكتافيا,2016,85000,أبيض ,ديزل ,خصوصي ,فلسطينية ,عادي ,1600,12/01/2021,"مُكيّف,إغلاق مركزي,جنطات مغنيسيوم",4+1 ,نقدا فقط 
فولكسفاجن كادي,2014,80000,رمادي ,ديزل ,خصوصي ,فلسطينية ,عادي ,1600,24/11/2020,"مُكيّف,إغلاق مركزي,جنطات مغنيسيوم,فرش جلد,وسادة حماية هوائية",6+1 ,إمكانية التقسيط 
هونداي الانترا,1999,15000,فيراني ,بنزين ,تدريب سياقة ,فلسطينية ,عادي ,1600,28/12/2020,"مُكيّف,جهاز إنذار,مسجل CD,فرش جلد",4+1 ,إمكانية التقسيط 
كيا سيراتو,2008,38000,فضي ,بنزين ,خصوصي ,فلسطينية ,اوتوماتيك ,1600,12/12/2020,"مُكيّف,إغلاق مركزي,مسجل CD,جنطات مغنيسيوم,فرش جلد,وسادة حماية هوائية",4+1 ,نقدا فقط 
مرسيدس 280,2007,90000,أسود ,ديزل ,خصوصي ,فلسطينية ,اوتوماتيك ,3000,10/02/2021,"مُكيّف,إغلاق مركزي,مسجل CD,فتحة سقف,جنطات مغنيسيوم,فرش جلد,وسادة حماية هوائية",4+1 ,إمكانية التقسيط 
فولكسفاجن جولف بلس,2007,46000,سكني ,بنزين ,خصوصي ,فلسطينية ,اوتوماتيك ,1600,12/01/2021,"مُكيّف,مسجل CD,فتحة سقف",4+1 ,نقدا فقط 
هونداي اكسنت,2014,56500,فضي ,ديزل ,خصوصي ,فلسطينية ,اوتوماتيك ,1600,27/01/2021,"مُكيّف,إغلاق مركزي,جهاز إنذار,مسجل CD,جنطات مغنيسيوم,فرش جلد,وسادة حماية هوائية",4+1 ,نقدا فقط 
فورد مونديو,2015,55000,سكني ,بنزين ,تأجير ,فلسطينية ,اوتوماتيك ,2000,28/12/2020,"مُكيّف,إغلاق مركزي,مسجل CD,جنطات مغنيسيوم,وسادة حماية هوائية",4+1 ,إمكانية التقسيط 
فولكسفاجن جولف,2010,69500,فيراني ,بنزين ,خصوصي ,فلسطينية ,اوتوماتيك ,1400,24/11/2020,"مُكيّف,إغلاق مركزي,جهاز إنذار,مسجل CD,فتحة سقف,جنطات مغنيسيوم,وسادة حماية هوائية",4+1 ,نقدا فقط 
فولكسفاجن جولف,2010,68000,فيراني ,بنزين ,خصوصي ,فلسطينية ,اوتوماتيك ,1400,12/12/2020,"مُكيّف,إغلاق مركزي,جهاز إنذار,مسجل CD,فتحة سقف,جنطات مغنيسيوم,وسادة حماية هوائية",4+1 ,إمكانية التقسيط 
سكودا اوكتافيا,2008,43000,فضي ,ديزل ,عمومي ,فلسطينية ,عادي ,1900,10/02/2021,"مُكيّف,إغلاق مركزي,جهاز إنذار,مسجل CD,جنطات مغنيسيوم,وسادة حماية هوائية",4+1 ,نقدا فقط 
فولكسفاجن باسات,2005,45000,ذهبي ,ديزل ,خصوصي ,فلسطينية ,اوتوماتيك ,2000,12/01/2021,"مُكيّف,إغلاق مركزي,جهاز إنذار,مسجل CD,جنطات مغنيسيوم,فرش جلد,وسادة حماية هوائية",4+1 ,نقدا فقط 
سكودا اوكتافيا,2018,105000,فيراني ,بنزين ,خصوصي ,فلسطينية ,اوتوماتيك ,1400,27/01/2021,"مُكيّف,إغلاق مركزي,جهاز إنذار,مسجل CD,جنطات مغنيسيوم,وسادة حماية هوائية",4+1 ,نقدا فقط 
سيت ليون,2019,77500,فضي ,بنزين ,خصوصي ,فلسطينية ,عادي ,1200,28/12/2020,"مُكيّف,إغلاق مركزي,جهاز إنذار,مسجل CD,جنطات مغنيسيوم,فرش جلد,وسادة حماية هوائية",4+1 ,نقدا فقط 
فولكسفاجن بولو,2018,81000,أحمر ,بنزين ,خصوصي ,فلسطينية ,اوتوماتيك ,1000,29/11/2020,"مُكيّف,إغلاق مركزي,مسجل CD,جنطات مغنيسيوم,فرش جلد,وسادة حماية هوائية",4+1 ,نقدا فقط 
شفرليت اوبترا,2006,26000,أبيض عاجي ,بنزين ,حكومي ,فلسطينية ,اوتوماتيك ,1600,12/12/2020,"مُكيّف,إغلاق مركزي,جهاز إنذار,مسجل CD,جنطات مغنيسيوم,فرش جلد,وسادة حماية هوائية",4+1 ,نقدا فقط 
بيجو 308,2016,62000,أبيض ,بنزين ,خصوصي ,فلسطينية ,اوتوماتيك ,1600,17/01/2021,"مُكيّف,إغلاق مركزي,جهاز إنذار,مسجل CD,فتحة سقف,جنطات مغنيسيوم,فرش جلد,وسادة حماية هوائية",4+1 ,إمكانية التقسيط 
هونداي اكسنت,2016,60000,سكني ,بنزين ,خصوصي ,فلسطينية ,اوتوماتيك ,1400,27/01/2021,"مُكيّف,إغلاق مركزي,جهاز إنذار,مسجل CD,فرش جلد,وسادة حماية هوائية",4+1 ,نقدا فقط 
فولكسفاجن جولف بلس ,2007,46000,أسود ,ديزل ,خصوصي ,فلسطينية ,عادي ,1900,24/11/2020,"مُكيّف,إغلاق مركزي,جهاز إنذار,مسجل CD,فتحة سقف,جنطات مغنيسيوم,وسادة حماية هوائية",4+1 ,إمكانية التقسيط 
بيجو بارتنر,2016,60000,رمادي ,ديزل ,خصوصي ,فلسطينية ,عادي ,1600,28/12/2020,"مُكيّف,إغلاق مركزي,جهاز إنذار,مسجل CD,فرش جلد,وسادة حماية هوائية",4+1 ,إمكانية التقسيط 
هونداي الانترا,2006,30000,كحلي ,بنزين ,خصوصي ,فلسطينية ,اوتوماتيك ,1600,12/12/2020,"مُكيّف,جهاز إنذار,مسجل CD,وسادة حماية هوائية",4+1 ,نقدا فقط 
كيا ريو,2007,29000,كرميدي ,بنزين ,خصوصي ,فلسطينية ,اوتوماتيك ,1600,12/01/2021,"مُكيّف,إغلاق مركزي,جهاز إنذار,مسجل CD,فتحة سقف,جنطات مغنيسيوم,فرش جلد,وسادة حماية هوائية",4+1 ,نقدا فقط 
هونداي سانتافيه,2018,130000,أبيض ,ديزل ,خصوصي ,فلسطينية ,اوتوماتيك ,2000,27/01/2021,"مُكيّف,إغلاق مركزي,جهاز إنذار,مسجل CD,جنطات مغنيسيوم,فرش جلد,وسادة حماية هوائية",6+1 ,إمكانية التقسيط 
فورد فوكس,2013,45000,أبيض ,بنزين ,خصوصي ,فلسطينية ,اوتوماتيك ,1600,24/11/2020,"مُكيّف,إغلاق مركزي,مسجل CD,جنطات مغنيسيوم,فرش جلد,وسادة حماية هوائية",4+1 ,نقدا فقط 
فولكسفاجن جولف,2016,93000,زيتي ,بنزين ,خصوصي ,فلسطينية ,اوتوماتيك ,1400,28/12/2020,"مُكيّف,إغلاق مركزي,جهاز إنذار,مسجل CD,جنطات مغنيسيوم,وسادة حماية هوائية",4+1 ,إمكانية التقسيط 
ستروين جراند C4 بيكاسو,2016,70000,أسود ,ديزل ,خصوصي ,فلسطينية ,اوتوماتيك ,1600,10/02/2021,"مُكيّف,إغلاق مركزي,جهاز إنذار,مسجل CD,وسادة حماية هوائية",4+1 ,نقدا فقط 
سكودا اوكتافيا,2014,70000,أبيض ,ديزل ,عمومي ,فلسطينية ,اوتوماتيك ,2000,12/12/2020,"مُكيّف,إغلاق مركزي,جهاز إنذار,مسجل CD,فتحة سقف,جنطات مغنيسيوم,فرش جلد,وسادة حماية هوائية",4+1 ,إمكانية التقسيط 
باص 2000,2000,7500,أبيض ,ديزل ,عمومي ,فلسطينية ,اوتوماتيك ,6600,12/01/2021,"مُكيّف,إغلاق مركزي,جهاز إنذار,مسجل CD,وسادة حماية هوائية",7+1 ,نقدا فقط 
بي ام دبليو 320,2004,45000,أحمر ,بنزين ,خصوصي ,فلسطينية ,اوتوماتيك ,2000,27/01/2021,"جنطات مغنيسيوم,فرش جلد,وسادة حماية هوائية",4+1 ,إمكانية التقسيط 
اودي Q7,2012,170000,أسود ,ديزل ,خصوصي ,فلسطينية ,اوتوماتيك ,3000,28/12/2020,"مُكيّف,إغلاق مركزي,مسجل CD,فتحة سقف,جنطات مغنيسيوم,فرش جلد,وسادة حماية هوائية",6+1 ,إمكانية التقسيط 
كيا سبورتاج,2013,77000,بترولي ,ديزل ,خصوصي ,فلسطينية ,عادي ,2000,10/02/2021,"مُكيّف,إغلاق مركزي,جهاز إنذار,مسجل CD,جنطات مغنيسيوم,فرش جلد,وسادة حماية هوائية",4+1 ,نقدا فقط 
هونداي توسان,2013,73000,فضي ,ديزل ,خصوصي ,فلسطينية ,اوتوماتيك ,2000,12/12/2020,"مُكيّف,إغلاق مركزي,جهاز إنذار,مسجل CD,جنطات مغنيسيوم,فرش جلد,وسادة حماية هوائية",4+1 ,نقدا فقط 
سكودا اوكتافيا,2018,108000,أبيض ,ديزل ,خصوصي ,فلسطينية ,اوتوماتيك ,2000,12/01/2021,"مُكيّف,إغلاق مركزي,جهاز إنذار,مسجل CD,فرش جلد,وسادة حماية هوائية",4+1 ,إمكانية التقسيط 
فولكسفاجن بولو,2011,40000,فضي ,بنزين ,خصوصي ,فلسطينية ,عادي ,1400,27/01/2021,"مُكيّف,إغلاق مركزي,مسجل CD,وسادة حماية هوائية",4+1 ,نقدا فقط 
فولكسفاجن بولو,2016,57000,بني ,بنزين ,خصوصي ,فلسطينية ,عادي ,1200,28/12/2020,"مُكيّف,إغلاق مركزي,جهاز إنذار,مسجل CD,جنطات مغنيسيوم,فرش جلد,وسادة حماية هوائية",4+1 ,نقدا فقط 
فولكسفاجن كرافتر,2008,68000,أبيض عاجي ,ديزل ,تجاري ,فلسطينية ,عادي ,2500,10/02/2021,"مُكيّف,إغلاق مركزي,جهاز إنذار,مسجل CD,وسادة حماية هوائية",6+1 ,إمكانية التقسيط 
اوبل استرا,2000,23000,كحلي ,بنزين ,خصوصي ,فلسطينية ,عادي ,1600,12/12/2020,"مُكيّف,إغلاق مركزي,جهاز إنذار,مسجل CD,وسادة حماية هوائية",4+1 ,إمكانية التقسيط 
فولكسفاجن باسات,2005,32000,ذهبي ,ديزل ,عمومي ,فلسطينية ,نصف اوتوماتيك ,1900,12/01/2021,"مُكيّف,إغلاق مركزي,جهاز إنذار,مسجل CD,فتحة سقف,جنطات مغنيسيوم,فرش جلد,وسادة حماية هوائية",4+1 ,إمكانية التقسيط 
فولكسفاجن كادي,2012,65000,أسود ,ديزل ,خصوصي ,فلسطينية ,اوتوماتيك ,1600,27/01/2021,"مُكيّف,جنطات مغنيسيوم,وسادة حماية هوائية",6+1 ,إمكانية التقسيط 
بيجو بارتنر,2004,4500,أبيض ,ديزل ,خصوصي ,نمرة صفراء ,عادي ,2000,28/12/2020,"مُكيّف,إغلاق مركزي,جهاز إنذار,مسجل CD,وسادة حماية هوائية",4+1 ,نقدا فقط 
هونداي اكسنت,2009,36500,فضي ,بنزين ,خصوصي ,فلسطينية ,عادي ,1600,09/02/2021,"مُكيّف,إغلاق مركزي,جهاز إنذار,مسجل CD,فرش جلد,وسادة حماية هوائية",,نقدا فقط 
سوبارو عريض,1988,16500,أبيض عاجي ,بنزين ,خصوصي ,فلسطينية ,عادي ,1600,12/12/2020,"مُكيّف,إغلاق مركزي,جهاز إنذار,مسجل CD,جنطات مغنيسيوم,فرش جلد,وسادة حماية هوائية",4+1 ,إمكانية التقسيط 
اوبل كورسا,1999,24000,خمري ,بنزين ,خصوصي ,فلسطينية ,عادي ,1400,12/01/2021,"إغلاق مركزي,جهاز إنذار,مسجل CD,جنطات مغنيسيوم,فرش جلد,وسادة حماية هوائية",4+1 ,نقدا فقط 
كيا اوبتيما,2017,110000,فيراني ,ديزل ,خصوصي ,فلسطينية ,اوتوماتيك ,1800,27/01/2021,"مُكيّف,إغلاق مركزي,جهاز إنذار,مسجل CD,فتحة سقف,جنطات مغنيسيوم,فرش جلد,وسادة حماية هوائية",4+1 ,نقدا فقط 
فولكسفاجن كادي,2008,58000,أزرق ,ديزل ,خصوصي ,فلسطينية ,عادي ,1900,28/12/2020,"مُكيّف,إغلاق مركزي,جنطات مغنيسيوم",6+1 ,إمكانية التقسيط 
سوبارو عريض,1986,16000,فضي ,بنزين ,خصوصي ,فلسطينية ,عادي ,1600,10/02/2021,"مُكيّف,إغلاق مركزي,جهاز إنذار,مسجل CD,جنطات مغنيسيوم,فرش جلد,وسادة حماية هوائية",4+1 ,إمكانية التقسيط 
فولكسفاجن جولف,1999,22500,فيراني ,بنزين ,خصوصي ,فلسطينية ,عادي ,1600,12/12/2020,"مُكيّف,جهاز إنذار,مسجل CD,وسادة حماية هوائية",4+1 ,نقدا فقط 
اوبل اسكونا,1983,10000,رمادي ,بنزين ,خصوصي ,فلسطينية ,عادي ,1300,12/01/2021,"مُكيّف,جهاز إنذار,مسجل CD,فتحة سقف,جنطات مغنيسيوم,فرش جلد",4+1 ,إمكانية التقسيط 
هونداي توسان,2018,99000,سكني ,ديزل ,خصوصي ,فلسطينية ,اوتوماتيك ,2000,27/01/2021,"مُكيّف,إغلاق مركزي,جهاز إنذار,مسجل CD,جنطات مغنيسيوم,فرش جلد,وسادة حماية هوائية",4+1 ,نقدا فقط 
فولكسفاجن جولف,2017,95000,رمادي ,بنزين ,خصوصي ,فلسطينية ,اوتوماتيك ,1400,28/12/2020,"مُكيّف,إغلاق مركزي,مسجل CD,جنطات مغنيسيوم,وسادة حماية هوائية",4+1 ,نقدا فقط 
سكودا اوكتافيا,2017,110000,أحمر ,بنزين ,خصوصي ,فلسطينية ,اوتوماتيك ,1400,10/02/2021,"مُكيّف,إغلاق مركزي,جهاز إنذار,مسجل CD,جنطات مغنيسيوم,وسادة حماية هوائية",4+1 ,إمكانية التقسيط 
فورد فيستا,2014,48000,سكني ,بنزين ,خصوصي ,فلسطينية ,اوتوماتيك ,1600,12/12/2020,"مُكيّف,إغلاق مركزي,مسجل CD,وسادة حماية هوائية",4+1 ,نقدا فقط 
هونداي i30,2008,39000,أسود ,بنزين ,خصوصي ,فلسطينية ,اوتوماتيك ,1600,12/01/2021,"مُكيّف,إغلاق مركزي,جهاز إنذار,مسجل CD,فتحة سقف,جنطات مغنيسيوم,فرش جلد,وسادة حماية هوائية",4+1 ,نقدا فقط 
هونداي اكسنت,2017,67000,أبيض ,بنزين ,خصوصي ,فلسطينية ,نصف اوتوماتيك ,1400,27/01/2021,"مُكيّف,إغلاق مركزي,مسجل CD,فتحة سقف,جنطات مغنيسيوم,فرش جلد,وسادة حماية هوائية",4+1 ,نقدا فقط 
سانغ يونغ ركستون,2014,95000,فضي ,ديزل ,خصوصي ,فلسطينية ,اوتوماتيك ,2000,31/12/2020,"مُكيّف,إغلاق مركزي,جهاز إنذار,مسجل CD,فتحة سقف,جنطات مغنيسيوم,فرش جلد,وسادة حماية هوائية",6+1 ,إمكانية التقسيط 
نيسان وينر,1999,65000,أبيض ,ديزل ,تجاري ,فلسطينية ,عادي ,2500,12/12/2020,"مسجل CD,جنطات مغنيسيوم",4+1 ,إمكانية التقسيط 
شفرليت ترافرس,2009,75000,كحلي ,بنزين ,خصوصي ,فلسطينية ,اوتوماتيك ,3600,10/02/2021,"مُكيّف,إغلاق مركزي,جهاز إنذار,مسجل CD,وسادة حماية هوائية",6+1 ,نقدا فقط 
هونداي اكسنت,2018,70000,فيراني ,بنزين ,خصوصي ,فلسطينية ,اوتوماتيك ,1400,12/01/2021,"مُكيّف,إغلاق مركزي,مسجل CD,جنطات مغنيسيوم,فرش جلد,وسادة حماية هوائية",,نقدا فقط 
فولكسفاجن بولو,1997,18000,أبيض ,بنزين ,خصوصي ,فلسطينية ,عادي ,1600,27/01/2021,"مسجل CD,فرش جلد",4+1 ,إمكانية التقسيط 
فورد ترانزيت,2005,65000,أبيض عاجي ,ديزل ,عمومي ,فلسطينية ,عادي ,2500,28/12/2020,"مُكيّف,إغلاق مركزي,جهاز إنذار,مسجل CD,فتحة سقف,جنطات مغنيسيوم,فرش جلد,وسادة حماية هوائية",7+1 ,نقدا فقط 
بي ام دبليو x1,2015,149000,أسود ,ديزل ,خصوصي ,فلسطينية ,اوتوماتيك ,2000,12/12/2020,"مُكيّف,إغلاق مركزي,جهاز إنذار,مسجل CD,فتحة سقف,جنطات مغنيسيوم,فرش جلد,وسادة حماية هوائية",4+1 ,إمكانية التقسيط 
كيا سيراتو,2008,39000,سكني ,بنزين ,خصوصي ,فلسطينية ,اوتوماتيك ,1600,10/02/2021,"مُكيّف,إغلاق مركزي,جهاز إنذار,مسجل CD,جنطات مغنيسيوم,فرش جلد",4+1 ,نقدا فقط 
سكودا اوكتافيا,2014,75000,أسود ميتالك ,ديزل ,خصوصي ,فلسطينية ,اوتوماتيك ,1600,12/01/2021,"مُكيّف,إغلاق مركزي,جهاز إنذار,مسجل CD,فتحة سقف,جنطات مغنيسيوم,وسادة حماية هوائية",4+1 ,نقدا فقط 
فولكسفاجن جولف,2017,110000,كحلي ,بنزين ,خصوصي ,فلسطينية ,اوتوماتيك ,1400,03/02/2021,"مُكيّف,إغلاق مركزي,جهاز إنذار,مسجل CD,فتحة سقف,جنطات مغنيسيوم,وسادة حماية هوائية",3+1 ,نقدا فقط 
هونداي اكسنت,2015,60000,رصاصي ,ديزل ,خصوصي ,فلسطينية ,اوتوماتيك ,1600,28/12/2020,"مُكيّف,إغلاق مركزي,جهاز إنذار,مسجل CD,جنطات مغنيسيوم,فرش جلد,وسادة حماية هوائية",4+1 ,نقدا فقط 
اودي 2014,2014,130000,بترولي ,ديزل ,خصوصي ,فلسطينية ,اوتوماتيك ,2000,12/12/2020,"مُكيّف,إغلاق مركزي,جهاز إنذار,مسجل CD,جنطات مغنيسيوم,فرش جلد,وسادة حماية هوائية",4+1 ,نقدا فقط 
هونداي i30,2013,56000,أبيض ,بنزين ,خصوصي ,فلسطينية ,اوتوماتيك ,1600,10/02/2021,"مُكيّف,إغلاق مركزي,جهاز إنذار,مسجل CD,فتحة سقف,جنطات مغنيسيوم,فرش جلد,وسادة حماية هوائية",,نقدا فقط 
فولكسفاجن بولو,2009,37000,أسود ,بنزين ,خصوصي ,فلسطينية ,عادي ,1400,17/01/2021,"مُكيّف,إغلاق مركزي,جهاز إنذار,مسجل CD,جنطات مغنيسيوم,وسادة حماية هوائية",4+1 ,نقدا فقط 
دايو لانوس,1997,22000,أبيض ,بنزين ,خصوصي ,فلسطينية ,عادي ,1500,28/12/2020,"مُكيّف,إغلاق مركزي,مسجل CD,جنطات مغنيسيوم",4+1 ,نقدا فقط 
سوبارو ليجاسي,1999,27000,أبيض ,بنزين ,خصوصي ,فلسطينية ,اوتوماتيك ,1800,12/12/2020,"مُكيّف,إغلاق مركزي,جهاز إنذار,مسجل CD,جنطات مغنيسيوم,فرش جلد,وسادة حماية هوائية",4+1 ,نقدا فقط 
كيا برايد,2013,46000,سكني ,ديزل ,خصوصي ,فلسطينية ,عادي ,1400,10/02/2021,"مُكيّف,إغلاق مركزي,جنطات مغنيسيوم,فرش جلد,وسادة حماية هوائية",4+1 ,إمكانية التقسيط 
فولكسفاجن تيجوان,2009,85000,كحلي ,ديزل ,خصوصي ,فلسطينية ,نصف اوتوماتيك ,2000,28/12/2020,"مُكيّف,إغلاق مركزي,جهاز إنذار,مسجل CD,فتحة سقف,جنطات مغنيسيوم,فرش جلد,وسادة حماية هوائية",4+1 ,إمكانية التقسيط 
هونداي توسان,2007,50000,أبيض ,ديزل ,خصوصي ,فلسطينية ,اوتوماتيك ,2000,12/12/2020,"مُكيّف,إغلاق مركزي,جهاز إنذار,فتحة سقف,جنطات مغنيسيوم,فرش جلد,وسادة حماية هوائية",4+1 ,إمكانية التقسيط 
سيت ليون,2016,66500,فيراني ,بنزين ,خصوصي ,فلسطينية ,عادي ,1200,10/02/2021,"مُكيّف,إغلاق مركزي,جهاز إنذار,مسجل CD,جنطات مغنيسيوم,وسادة حماية هوائية",4+1 ,نقدا فقط 
فورد ترانزيت,1996,33000,أبيض ,ديزل ,عمومي ,فلسطينية ,عادي ,2500,27/01/2021,"مسجل CD,وسادة حماية هوائية",7+1 ,نقدا فقط 
سيت ليون,2015,58000,أسود ميتالك ,بنزين ,خصوصي ,فلسطينية ,عادي ,1200,28/12/2020,"مُكيّف,إغلاق مركزي,جهاز إنذار,مسجل CD,جنطات مغنيسيوم,وسادة حماية هوائية",4+1 ,نقدا فقط 
فولكسفاجن جولف,2017,94000,زيتي ,بنزين ,خصوصي ,فلسطينية ,اوتوماتيك ,1400,12/12/2020,"مُكيّف,إغلاق مركزي,جهاز إنذار,مسجل CD,جنطات مغنيسيوم,فرش جلد,وسادة حماية هوائية",4+1 ,نقدا فقط 
سكودا سوبيرب,2016,160000,رمادي ,ديزل ,خصوصي ,فلسطينية ,اوتوماتيك ,2000,12/01/2021,"مُكيّف,إغلاق مركزي,جهاز إنذار,مسجل CD,فتحة سقف,جنطات مغنيسيوم,فرش جلد,وسادة حماية هوائية",4+1 ,نقدا فقط 
هونداي توسان,2013,76000,سكني ,ديزل ,خصوصي ,فلسطينية ,اوتوماتيك ,1600,10/02/2021,"مُكيّف,مسجل CD,جنطات مغنيسيوم,فرش جلد",4+1 ,نقدا فقط 
سوبارو عريض,1988,9500,أبيض ,بنزين ,خصوصي ,فلسطينية ,عادي ,1600,27/01/2021,"مُكيّف,مسجل CD,وسادة حماية هوائية",,نقدا فقط 
مرسيدس 220,1999,3000,أخضر ,ديزل ,خصوصي ,نمرة صفراء ,اوتوماتيك ,2200,10/02/2021,"مُكيّف,جهاز إنذار,مسجل CD,جنطات مغنيسيوم,فرش جلد",4+1 ,نقدا فقط 
سكودا اوكتافيا,2012,50000,أبيض ,ديزل ,عمومي ,فلسطينية ,عادي ,1600,27/01/2021,"مُكيّف,إغلاق مركزي,جهاز إنذار,مسجل CD,جنطات مغنيسيوم,فرش جلد,وسادة حماية هوائية",4+1 ,نقدا فقط 
بيجو 307,2002,25000,أبيض ,ديزل ,عمومي ,فلسطينية ,عادي ,2000,12/01/2021,"مُكيّف,إغلاق مركزي,جهاز إنذار,مسجل CD,جنطات مغنيسيوم,وسادة حماية هوائية",4+1 ,إمكانية التقسيط 
مرسيدس 410,1995,8000,أبيض عاجي ,ديزل ,تجاري ,فلسطينية ,عادي ,9999,27/01/2021,"مُكيّف,مسجل CD,وسادة حماية هوائية",2+1 ,إمكانية التقسيط 
فولكسفاجن بولو,2014,53000,سكني ,بنزين ,خصوصي ,فلسطينية ,عادي ,1200,29/12/2020,"مُكيّف,إغلاق مركزي,جهاز إنذار,مسجل CD,وسادة حماية هوائية",4+1 ,نقدا فقط 
نيسان كشكاي,2015,85000,أبيض عاجي ,بنزين ,خصوصي ,فلسطينية ,اوتوماتيك ,1200,12/12/2020,"مُكيّف,إغلاق مركزي,جهاز إنذار,مسجل CD,جنطات مغنيسيوم,فرش جلد,وسادة حماية هوائية",4+1 ,إمكانية التقسيط 
فولكسفاجن باسات,2015,108000,بني ,ديزل ,خصوصي ,فلسطينية ,اوتوماتيك ,2000,10/02/2021,"مُكيّف,إغلاق مركزي,جهاز إنذار,مسجل CD,جنطات مغنيسيوم,فرش جلد,وسادة حماية هوائية",4+1 ,نقدا فقط 
فورد فوكس,2014,48000,أبيض ,بنزين ,خصوصي ,فلسطينية ,اوتوماتيك ,1600,12/01/2021,"إغلاق مركزي,جهاز إنذار,مسجل CD,فرش جلد,وسادة حماية هوائية",4+1 ,إمكانية التقسيط 
كيا سبورتاج,2017,74000,فيراني ,بنزين ,خصوصي ,فلسطينية ,اوتوماتيك ,1600,27/01/2021,"مُكيّف,إغلاق مركزي,جهاز إنذار,مسجل CD,فتحة سقف,جنطات مغنيسيوم,وسادة حماية هوائية",4+1 ,نقدا فقط 
فورد فيستا,2014,38000,أزرق ,بنزين ,خصوصي ,فلسطينية ,عادي ,1250,29/12/2020,"مُكيّف,إغلاق مركزي,جهاز إنذار,مسجل CD,وسادة حماية هوائية",4+1 ,نقدا فقط 
فولكسفاجن كبينة,1984,33000,أبيض عاجي ,ديزل ,تجاري ,فلسطينية ,عادي ,1900,12/12/2020,"مُكيّف,مسجل CD,وسادة حماية هوائية",5+1 ,نقدا فقط 
هونداي توسان,2006,35000,زيتي ,ديزل ,خصوصي ,فلسطينية ,اوتوماتيك ,1600,10/02/2021,"مُكيّف,إغلاق مركزي,جهاز إنذار,مسجل CD,فتحة سقف,جنطات مغنيسيوم,وسادة حماية هوائية",4+1 ,نقدا فقط 
فولكسفاجن جولف,2012,59999,فيراني ,بنزين ,خصوصي ,فلسطينية ,عادي ,1400,27/01/2021,"مُكيّف,إغلاق مركزي,مسجل CD,جنطات مغنيسيوم,وسادة حماية هوائية",4+1 ,نقدا فقط 
كيا سبورتاج,2014,75000,فضي ,ديزل ,خصوصي ,فلسطينية ,اوتوماتيك ,2000,12/01/2021,"مُكيّف,إغلاق مركزي,جهاز إنذار,مسجل CD,فتحة سقف,جنطات مغنيسيوم,فرش جلد,وسادة حماية هوائية",,إمكانية التقسيط 
سيت TSI,2013,55000,أبيض ,بنزين ,خصوصي ,فلسطينية ,اوتوماتيك ,1200,28/12/2020,"مُكيّف,إغلاق مركزي,مسجل CD,جنطات مغنيسيوم,وسادة حماية هوائية",4+1 ,نقدا فقط 
فولفو Fl6,2000,85000,أبيض عاجي ,ديزل ,خصوصي ,فلسطينية ,عادي ,210,12/12/2020,"مُكيّف,إغلاق مركزي,مسجل CD,فتحة سقف,فرش جلد,وسادة حماية هوائية",2+1 ,نقدا فقط 
سيت توليدو,2005,35000,كحلي ,ديزل ,عمومي ,فلسطينية ,عادي ,1900,10/02/2021,"مُكيّف,إغلاق مركزي,مسجل CD,جنطات مغنيسيوم,فرش جلد,وسادة حماية هوائية",4+1 ,نقدا فقط 
فورد فيستا,2014,40000,فضي ,بنزين ,خصوصي ,فلسطينية ,عادي ,1240,27/01/2021,"مُكيّف,إغلاق مركزي,مسجل CD,وسادة حماية هوائية",4+1 ,نقدا فقط 
فولكسفاجن بولو,2010,50000,أبيض ,بنزين ,تأجير ,فلسطينية ,اوتوماتيك ,1400,12/01/2021,"مُكيّف,إغلاق مركزي,جهاز إنذار,مسجل CD,فتحة سقف,جنطات مغنيسيوم,وسادة حماية هوائية",4+1 ,إمكانية التقسيط 
هونداي كليك,2003,28000,أبيض ,بنزين ,خصوصي ,فلسطينية ,اوتوماتيك ,1400,28/12/2020,"مُكيّف,جهاز إنذار,مسجل CD,وسادة حماية هوائية",4+1 ,نقدا فقط 
سكودا اوكتافيا,2016,93000,رصاصي ,ديزل ,خصوصي ,فلسطينية ,اوتوماتيك ,2000,10/02/2021,"مُكيّف,إغلاق مركزي,جهاز إنذار,مسجل CD,فتحة سقف,جنطات مغنيسيوم,وسادة حماية هوائية",4+1 ,نقدا فقط 
سكودا اوكتافيا,2012,48000,أبيض ,ديزل ,عمومي ,فلسطينية ,عادي ,1600,12/01/2021,"مُكيّف,جهاز إنذار,مسجل CD,جنطات مغنيسيوم,فرش جلد",4+1 ,نقدا فقط 
ايسوزو تروبر,2008,65000,أبيض ,ديزل ,تجاري ,فلسطينية ,عادي ,5200,27/01/2021,مسجل CD,2+1 ,نقدا فقط 
هونداي توسان,2011,65000,أسود ميتالك ,ديزل ,خصوصي ,فلسطينية ,اوتوماتيك ,2000,28/12/2020,"مُكيّف,إغلاق مركزي,جهاز إنذار,مسجل CD,فتحة سقف,جنطات مغنيسيوم,فرش جلد,وسادة حماية هوائية",4+1 ,نقدا فقط 
فولفو Fl6,2000,75000,أبيض عاجي ,ديزل ,خصوصي ,فلسطينية ,عادي ,210,12/12/2020,"مُكيّف,إغلاق مركزي,جهاز إنذار,مسجل CD,فتحة سقف,فرش جلد,وسادة حماية هوائية",2+1 ,نقدا فقط 
فولكسفاجن بولو,2016,59000,أبيض ,بنزين ,خصوصي ,فلسطينية ,عادي ,1200,27/01/2021,"مُكيّف,إغلاق مركزي,جهاز إنذار,مسجل CD,جنطات مغنيسيوم,وسادة حماية هوائية",,نقدا فقط 
فولكسفاجن بولو,2014,54000,فيراني ,بنزين ,خصوصي ,فلسطينية ,اوتوماتيك ,1400,12/01/2021,"مُكيّف,إغلاق مركزي,جهاز إنذار,جنطات مغنيسيوم",4+1 ,نقدا فقط 
رينو R9,1984,8000,رصاصي ,بنزين ,خصوصي ,فلسطينية ,عادي ,1100,29/12/2020,"مُكيّف,جهاز إنذار,مسجل CD",4+1 ,إمكانية التقسيط 
فولفو Fl6,2006,115000,أبيض عاجي ,ديزل ,خصوصي ,فلسطينية ,عادي ,250,12/12/2020,"مُكيّف,إغلاق مركزي,جهاز إنذار,مسجل CD,فتحة سقف,فرش جلد,وسادة حماية هوائية",4+1 ,نقدا فقط 
فولكسفاجن بولو,2013,57000,أبيض عاجي ,بنزين ,خصوصي ,فلسطينية ,اوتوماتيك ,1400,27/01/2021,"مُكيّف,إغلاق مركزي,مسجل CD,فتحة سقف,جنطات مغنيسيوم,وسادة حماية هوائية",4+1 ,نقدا فقط 
سيت ابيزا,2016,54000,أزرق سماوي ,بنزين ,خصوصي ,فلسطينية ,عادي ,1200,12/01/2021,"مُكيّف,إغلاق مركزي,مسجل CD,جنطات مغنيسيوم,فرش جلد,وسادة حماية هوائية",4+1 ,نقدا فقط 
سكودا سوبيرب,2011,90000,أسود ,ديزل ,خصوصي ,فلسطينية ,اوتوماتيك ,2000,29/12/2020,"مُكيّف,إغلاق مركزي,جهاز إنذار,مسجل CD,فتحة سقف,جنطات مغنيسيوم,فرش جلد,وسادة حماية هوائية",3+1 ,إمكانية التقسيط 
اوبل زافيرا,2004,35000,كحلي ,بنزين ,خصوصي ,فلسطينية ,اوتوماتيك ,2200,10/02/2021,"مُكيّف,إغلاق مركزي,جهاز إنذار,مسجل CD,فتحة سقف,جنطات مغنيسيوم,فرش جلد,وسادة حماية هوائية",6+1 ,نقدا فقط 
فولكسفاجن بولو,2014,53000,سكني ,بنزين ,خصوصي ,فلسطينية ,اوتوماتيك ,1200,12/12/2020,مُكيّف,4+1 ,نقدا فقط 
سيت قرطبة,2006,30000,سكني ,بنزين ,خصوصي ,فلسطينية ,عادي ,1400,27/01/2021,"مُكيّف,إغلاق مركزي,جهاز إنذار,مسجل CD,جنطات مغنيسيوم,فرش جلد,وسادة حماية هوائية",4+1 ,نقدا فقط 
هوندا سيفيك,2008,40000,أزرق ,بنزين ,خصوصي ,فلسطينية ,اوتوماتيك ,1800,12/01/2021,"مُكيّف,إغلاق مركزي,مسجل CD,فرش جلد,وسادة حماية هوائية",4+1 ,نقدا فقط 
سوبارو عريض,1990,14000,أزرق سماوي ,بنزين ,عمومي ,فلسطينية ,عادي ,1600,28/12/2020,جنطات مغنيسيوم,4+1 ,إمكانية التقسيط 
هونداي اكسنت,2005,30000,أحمر ,بنزين ,خصوصي ,فلسطينية ,اوتوماتيك ,1500,10/02/2021,"مُكيّف,جهاز إنذار,مسجل CD,جنطات مغنيسيوم,وسادة حماية هوائية",4+1 ,إمكانية التقسيط 
مرسيدس E200,2015,175000,فيراني ,بنزين ,خصوصي ,فلسطينية ,اوتوماتيك ,2000,12/12/2020,"مُكيّف,إغلاق مركزي,جهاز إنذار,مسجل CD,فتحة سقف,جنطات مغنيسيوم,فرش جلد,وسادة حماية هوائية",4+1 ,نقدا فقط 
اوبل اسكونا,1983,7000,فيراني ,بنزين ,خصوصي ,فلسطينية ,عادي ,1300,12/01/2021,"مُكيّف,مسجل CD,وسادة حماية هوائية",4+1 ,إمكانية التقسيط 
ستروين  C4,2013,73000,فيراني ,ديزل ,خصوصي ,فلسطينية ,نصف اوتوماتيك ,1600,27/01/2021,"مُكيّف,إغلاق مركزي,جهاز إنذار,مسجل CD,جنطات مغنيسيوم,فرش جلد,وسادة حماية هوائية",6+1 ,إمكانية التقسيط 
فورد فوكس,2011,44000,سكني ,بنزين ,خصوصي ,فلسطينية ,اوتوماتيك ,1600,28/12/2020,"مُكيّف,إغلاق مركزي,جهاز إنذار,مسجل CD,فرش جلد,وسادة حماية هوائية",4+1 ,نقدا فقط 
اودي 80,1990,15000,فضي ,بنزين ,خصوصي ,فلسطينية ,عادي ,1600,10/02/2021,"مسجل CD,جنطات مغنيسيوم,فرش جلد",4+1 ,نقدا فقط 
كيا ريو,2008,35000,أبيض ,ديزل ,خصوصي ,فلسطينية ,عادي ,1500,12/12/2020,"مُكيّف,إغلاق مركزي,مسجل CD,جنطات مغنيسيوم,وسادة حماية هوائية",4+1 ,نقدا فقط 
بيجو 306,1987,9000,أبيض ,بنزين ,خصوصي ,فلسطينية ,عادي ,1300,12/01/2021,"مُكيّف,مسجل CD,وسادة حماية هوائية",,إمكانية التقسيط 
هونداي اكسنت,2014,50000,فضي ,بنزين ,خصوصي ,فلسطينية ,اوتوماتيك ,1400,27/01/2021,"مُكيّف,إغلاق مركزي,مسجل CD,جنطات مغنيسيوم,فرش جلد,وسادة حماية هوائية",4+1 ,نقدا فقط 
ستروين C3,2017,75000,رصاصي ,بنزين ,خصوصي ,فلسطينية ,اوتوماتيك ,1200,29/12/2020,"مُكيّف,إغلاق مركزي,جهاز إنذار,مسجل CD,جنطات مغنيسيوم,فرش جلد,وسادة حماية هوائية",4+1 ,إمكانية التقسيط 
فولكسفاجن بولو,2006,35000,كحلي ,بنزين ,خصوصي ,فلسطينية ,اوتوماتيك ,1400,12/12/2020,"مُكيّف,إغلاق مركزي,جهاز إنذار,مسجل CD",4+1 ,إمكانية التقسيط 
كيا مورننغ,2019,50000,أزرق ,بنزين ,خصوصي ,فلسطينية ,اوتوماتيك ,1000,10/02/2021,"مُكيّف,إغلاق مركزي,وسادة حماية هوائية",4+1 ,نقدا فقط 
هونداي فيرنا,2004,28000,فضي ,بنزين ,خصوصي ,فلسطينية ,عادي ,1500,12/01/2021,"مُكيّف,إغلاق مركزي,جهاز إنذار,مسجل CD,جنطات مغنيسيوم,وسادة حماية هوائية",4+1 ,نقدا فقط 
فولكسفاجن كادي,2016,95000,فيراني ,ديزل ,خصوصي ,فلسطينية ,عادي ,2000,27/01/2021,"مُكيّف,إغلاق مركزي,جهاز إنذار,مسجل CD,جنطات مغنيسيوم,فرش جلد,وسادة حماية هوائية",6+1 ,نقدا فقط 
فولكسفاجن جيتا,2013,63000,فيراني ,ديزل ,خصوصي ,فلسطينية ,عادي ,1600,29/12/2020,"مُكيّف,إغلاق مركزي,جهاز إنذار,مسجل CD,جنطات مغنيسيوم,وسادة حماية هوائية",,نقدا فقط 
سكودا اوكتافيا,2004,37000,أبيض ,ديزل ,عمومي ,فلسطينية ,عادي ,1900,10/02/2021,"مُكيّف,إغلاق مركزي,جهاز إنذار,مسجل CD,فتحة سقف,جنطات مغنيسيوم,فرش جلد,وسادة حماية هوائية",,إمكانية التقسيط 
سكودا اوكتافيا,2016,84000,رمادي ,ديزل ,خصوصي ,فلسطينية ,عادي ,1600,30/01/2021,"مُكيّف,إغلاق مركزي,جنطات مغنيسيوم,فرش جلد,وسادة حماية هوائية",4+1 ,نقدا فقط 
كيا مورننغ,2018,53000,أبيض ,بنزين ,خصوصي ,فلسطينية ,اوتوماتيك ,1000,12/01/2021,"مُكيّف,إغلاق مركزي,جهاز إنذار,مسجل CD,جنطات مغنيسيوم,فرش جلد,وسادة حماية هوائية",4+1 ,نقدا فقط 
فولكسفاجن جولف,2011,65000,فضي ,بنزين ,خصوصي ,فلسطينية ,عادي ,1400,27/01/2021,"مُكيّف,إغلاق مركزي,جهاز إنذار,مسجل CD,جنطات مغنيسيوم,فرش جلد",4+1 ,نقدا فقط 
اوبل فيكترا,1999,20000,سكني ,ديزل ,عمومي ,فلسطينية ,عادي ,1900,29/12/2020,"جهاز إنذار,مسجل CD,فرش جلد",4+1 ,إمكانية التقسيط 
سوبارو ليجاسي,1992,17000,أزرق سماوي ,بنزين ,خصوصي ,فلسطينية ,اوتوماتيك ,1600,10/02/2021,"مُكيّف,مسجل CD",4+1 ,نقدا فقط 
بي ام دبليو 520,2012,135000,ذهبي ,بنزين ,خصوصي ,فلسطينية ,اوتوماتيك ,2000,12/12/2020,"مُكيّف,إغلاق مركزي,جهاز إنذار,مسجل CD,فتحة سقف,فرش جلد,وسادة حماية هوائية",4+1 ,إمكانية التقسيط 
فولكسفاجن بولو,1997,20000,أبيض ,ديزل ,عمومي ,فلسطينية ,عادي ,1900,12/01/2021,"مسجل CD,جنطات مغنيسيوم,فرش جلد",4+1 ,إمكانية التقسيط 
شفرليت 2006,2006,10000,أبيض ,بنزين ,خصوصي ,نمرة صفراء ,نصف اوتوماتيك ,1600,27/01/2021,"مُكيّف,إغلاق مركزي,جهاز إنذار,مسجل CD,وسادة حماية هوائية",4+1 ,نقدا فقط 
فورد فوكس,2013,43000,أسود ,بنزين ,خصوصي ,فلسطينية ,اوتوماتيك ,1600,29/12/2020,"مُكيّف,إغلاق مركزي,مسجل CD,جنطات مغنيسيوم,وسادة حماية هوائية",4+1 ,نقدا فقط 
فولكسفاجن جولف,2011,69000,أسود ميتالك ,بنزين ,خصوصي ,فلسطينية ,اوتوماتيك ,1400,12/01/2021,"مُكيّف,إغلاق مركزي,جهاز إنذار,جنطات مغنيسيوم,وسادة حماية هوائية",5+1 ,نقدا فقط 
بيجو بارتنر,2015,60000,فيراني ,ديزل ,خصوصي ,فلسطينية ,عادي ,1600,10/02/2021,"مُكيّف,إغلاق مركزي,جهاز إنذار,مسجل CD,جنطات مغنيسيوم",6+1 ,نقدا فقط 
فورد فوكس,2012,50000,أبيض ,بنزين ,خصوصي ,فلسطينية ,اوتوماتيك ,1600,12/12/2020,"مُكيّف,إغلاق مركزي,جهاز إنذار,مسجل CD,جنطات مغنيسيوم,وسادة حماية هوائية",4+1 ,نقدا فقط 
ستروين بيكاسو C4,2016,90000,سكني ,ديزل ,خصوصي ,فلسطينية ,اوتوماتيك ,1600,27/01/2021,"مُكيّف,إغلاق مركزي,جهاز إنذار,مسجل CD,فتحة سقف,جنطات مغنيسيوم,وسادة حماية هوائية",6+1 ,إمكانية التقسيط 
ميتسوبيشي اوت لاندر,2006,45000,أزرق ,بنزين ,خصوصي ,فلسطينية ,اوتوماتيك ,2400,29/12/2020,"مُكيّف,إغلاق مركزي,مسجل CD,جنطات مغنيسيوم,وسادة حماية هوائية",4+1 ,إمكانية التقسيط 
فولكسفاجن باسات,2007,50000,أبيض ,بنزين ,خصوصي ,فلسطينية ,اوتوماتيك ,2000,12/01/2021,"مُكيّف,إغلاق مركزي,جهاز إنذار,مسجل CD,فتحة سقف,جنطات مغنيسيوم,فرش جلد,وسادة حماية هوائية",4+1 ,إمكانية التقسيط 
هونداي افانتي,2006,32000,أبيض عاجي ,بنزين ,خصوصي ,فلسطينية ,اوتوماتيك ,1600,10/02/2021,"مُكيّف,إغلاق مركزي,مسجل CD,جنطات مغنيسيوم",4+1 ,إمكانية التقسيط 
هونداي i25,2012,58000,أزرق ,بنزين ,خصوصي ,فلسطينية ,عادي ,1600,12/12/2020,"مُكيّف,إغلاق مركزي,جهاز إنذار,مسجل CD,فتحة سقف,جنطات مغنيسيوم,فرش جلد,وسادة حماية هوائية",4+1 ,إمكانية التقسيط 
هونداي توسان,2013,68000,سكني ,ديزل ,خصوصي ,فلسطينية ,اوتوماتيك ,2000,27/01/2021,"مُكيّف,إغلاق مركزي,جهاز إنذار,مسجل CD,جنطات مغنيسيوم,فرش جلد,وسادة حماية هوائية",4+1 ,نقدا فقط 
هونداي اكسنت,2016,30000,فيراني ,ديزل ,خصوصي ,فلسطينية ,اوتوماتيك ,1600,29/12/2020,"مُكيّف,إغلاق مركزي,جهاز إنذار,مسجل CD,جنطات مغنيسيوم,فرش جلد,وسادة حماية هوائية",4+1 ,إمكانية التقسيط 
هونداي كليك,2003,29000,فضي ,بنزين ,خصوصي ,فلسطينية ,اوتوماتيك ,1400,12/01/2021,"مُكيّف,إغلاق مركزي,جهاز إنذار,مسجل CD,جنطات مغنيسيوم,فرش جلد,وسادة حماية هوائية",4+1 ,إمكانية التقسيط 
كيا اوبتيما,2013,61000,أسود ,بنزين ,خصوصي ,فلسطينية ,اوتوماتيك ,2000,12/12/2020,"مُكيّف,إغلاق مركزي,جهاز إنذار,مسجل CD,جنطات مغنيسيوم,فرش جلد,وسادة حماية هوائية",4+1 ,نقدا فقط 
فولكسفاجن تيجوان,2012,90000,أبيض عاجي ,بنزين ,خصوصي ,فلسطينية ,اوتوماتيك ,2000,10/02/2021,"مُكيّف,إغلاق مركزي,جهاز إنذار,مسجل CD,فتحة سقف,جنطات مغنيسيوم,وسادة حماية هوائية",4+1 ,نقدا فقط 
بيجو 307,2008,32000,أبيض ,بنزين ,خصوصي ,فلسطينية ,اوتوماتيك ,1600,27/01/2021,"مُكيّف,إغلاق مركزي,وسادة حماية هوائية",4+1 ,نقدا فقط 
كيا سبورتاج,2018,50000,خمري ,ديزل ,خصوصي ,فلسطينية ,اوتوماتيك ,2000,04/01/2021,"مُكيّف,إغلاق مركزي,جهاز إنذار,مسجل CD,جنطات مغنيسيوم,فرش جلد",4+1 ,إمكانية التقسيط 
فولكسفاجن جولف,2012,54000,بترولي ,بنزين ,خصوصي ,فلسطينية ,عادي ,1400,12/01/2021,"مُكيّف,إغلاق مركزي,جهاز إنذار,مسجل CD,جنطات مغنيسيوم,فرش جلد,وسادة حماية هوائية",4+1 ,نقدا فقط 
هونداي اكسنت,2014,51000,فيراني ,بنزين ,خصوصي ,فلسطينية ,اوتوماتيك ,1400,12/12/2020,"مُكيّف,إغلاق مركزي,جهاز إنذار,مسجل CD,جنطات مغنيسيوم,فرش جلد,وسادة حماية هوائية",4+1 ,نقدا فقط 
بيجو بارتنر,2013,55000,أبيض ,ديزل ,خصوصي ,فلسطينية ,عادي ,1600,10/02/2021,"مُكيّف,إغلاق مركزي,جهاز إنذار,مسجل CD,فرش جلد,وسادة حماية هوائية",4+1 ,نقدا فقط 
فورد فيستا,2014,41000,فضي ,بنزين ,خصوصي ,فلسطينية ,عادي ,1240,29/12/2020,"مُكيّف,إغلاق مركزي,وسادة حماية هوائية",4+1 ,نقدا فقط 
فورد ترانزيت,2000,9500,أبيض عاجي ,ديزل ,خصوصي ,نمرة صفراء ,عادي ,2500,12/12/2020,"مُكيّف,إغلاق مركزي,جهاز إنذار,مسجل CD,وسادة حماية هوائية",7+1 ,إمكانية التقسيط 
شفرليت اوبترا,2005,30000,ذهبي ,بنزين ,خصوصي ,فلسطينية ,اوتوماتيك ,1600,10/02/2021,"مُكيّف,إغلاق مركزي,جهاز إنذار,مسجل CD,وسادة حماية هوائية",4+1 ,نقدا فقط 
فولكسفاجن جولف,2007,45000,كرميدي ,بنزين ,خصوصي ,فلسطينية ,عادي ,1600,29/12/2020,"مُكيّف,مسجل CD,جنطات مغنيسيوم,فرش جلد,وسادة حماية هوائية",4+1 ,إمكانية التقسيط 
بيجو بارتنر,2000,28000,أبيض ,ديزل ,خصوصي ,فلسطينية ,عادي ,1900,12/12/2020,"مسجل CD,جنطات مغنيسيوم",4+1 ,إمكانية التقسيط 
فورد فوكس,2016,59000,أبيض ,بنزين ,خصوصي ,فلسطينية ,اوتوماتيك ,1500,27/01/2021,"مُكيّف,إغلاق مركزي,جهاز إنذار,مسجل CD,جنطات مغنيسيوم,فرش جلد,وسادة حماية هوائية",4+1 ,نقدا فقط 
فولكسفاجن جولف,2007,57000,سكني ,بنزين ,خصوصي ,فلسطينية ,اوتوماتيك ,1600,10/02/2021,"مُكيّف,إغلاق مركزي,جهاز إنذار,مسجل CD,جنطات مغنيسيوم,وسادة حماية هوائية",,نقدا فقط 
مرسيدس C220,2000,40000,أبيض ,ديزل ,عمومي ,فلسطينية ,اوتوماتيك ,2150,12/01/2021,"مُكيّف,إغلاق مركزي,جهاز إنذار,مسجل CD,جنطات مغنيسيوم,وسادة حماية هوائية",4+1 ,نقدا فقط 
مرسيدس 312,1997,45000,أبيض عاجي ,ديزل ,عمومي ,فلسطينية ,عادي ,2500,12/12/2020,"مُكيّف,إغلاق مركزي,جهاز إنذار,مسجل CD,فرش جلد,وسادة حماية هوائية",2+1 ,إمكانية التقسيط 
فولكسفاجن جولف,1998,35200,أخضر ,بنزين ,خصوصي ,فلسطينية ,عادي ,1800,27/01/2021,"مُكيّف,إغلاق مركزي,جهاز إنذار,مسجل CD,جنطات مغنيسيوم,وسادة حماية هوائية",,إمكانية التقسيط 
فولكسفاجن بولو,2007,36000,رمادي ,بنزين ,خصوصي ,فلسطينية ,عادي ,1400,10/02/2021,"مُكيّف,إغلاق مركزي,جهاز إنذار,مسجل CD,فرش جلد,وسادة حماية هوائية",4+1 ,نقدا فقط 
هوندا سيفيك,2007,32000,أسود ميتالك ,بنزين ,خصوصي ,فلسطينية ,اوتوماتيك ,1800,12/01/2021,"مُكيّف,إغلاق مركزي,جهاز إنذار,مسجل CD,جنطات مغنيسيوم,فرش جلد,وسادة حماية هوائية",4+1 ,نقدا فقط 
سكودا اوكتافيا,2014,73000,أسود ميتالك ,ديزل ,خصوصي ,فلسطينية ,اوتوماتيك ,1600,27/01/2021,"مُكيّف,إغلاق مركزي,جهاز إنذار,مسجل CD,جنطات مغنيسيوم,وسادة حماية هوائية",4+1 ,نقدا فقط 
مرسيدس C220,1999,30000,أسود ,ديزل ,عمومي ,فلسطينية ,اوتوماتيك ,2195,10/02/2021,"مُكيّف,مسجل CD,جنطات مغنيسيوم,فرش جلد",4+1 ,إمكانية التقسيط 
كيا سبورتاج,2018,104000,أبيض ,ديزل ,خصوصي ,فلسطينية ,اوتوماتيك ,1700,29/12/2020,"مُكيّف,إغلاق مركزي,جهاز إنذار,مسجل CD,فتحة سقف,جنطات مغنيسيوم,فرش جلد,وسادة حماية هوائية",4+1 ,نقدا فقط 
هونداي اكسنت,2008,32000,أحمر ,بنزين ,خصوصي ,فلسطينية ,عادي ,1400,12/01/2021,"مُكيّف,إغلاق مركزي,جهاز إنذار,مسجل CD,فرش جلد,وسادة حماية هوائية",4+1 ,نقدا فقط 
شفرليت سلفرادو,2011,75000,كحلي ,ديزل ,تجاري ,فلسطينية ,اوتوماتيك ,6600,27/01/2021,"مُكيّف,إغلاق مركزي,جهاز إنذار,مسجل CD,فتحة سقف,جنطات مغنيسيوم,فرش جلد,وسادة حماية هوائية",4+1 ,نقدا فقط 
اودي A80,1984,5000,أبيض عاجي ,بنزين ,خصوصي ,فلسطينية ,عادي ,1800,10/02/2021,"مُكيّف,مسجل CD,وسادة حماية هوائية",4+1 ,نقدا فقط 
فولكسفاجن كرافتر,2008,60000,أبيض عاجي ,ديزل ,تجاري ,فلسطينية ,عادي ,2500,29/12/2020,"مُكيّف,إغلاق مركزي,جهاز إنذار,مسجل CD,فرش جلد",2+1 ,إمكانية التقسيط 
سيت ليون,2014,62000,أسود ,بنزين ,خصوصي ,فلسطينية ,عادي ,1200,12/12/2020,"مُكيّف,إغلاق مركزي,مسجل CD,جنطات مغنيسيوم,وسادة حماية هوائية",4+1 ,نقدا فقط 
داف 55,2005,95000,أبيض ,ديزل ,تجاري ,فلسطينية ,عادي ,250,12/01/2021,"إغلاق مركزي,جهاز إنذار",2+1 ,إمكانية التقسيط 
سكودا اوكتافيا,2014,73000,أسود ميتالك ,ديزل ,خصوصي ,فلسطينية ,اوتوماتيك ,1600,10/02/2021,"مُكيّف,إغلاق مركزي,جهاز إنذار,مسجل CD,فتحة سقف,جنطات مغنيسيوم,وسادة حماية هوائية",4+1 ,نقدا فقط 
فولكسفاجن كادي,2015,8600,أبيض ,ديزل ,خصوصي ,فلسطينية ,عادي ,1600,29/12/2020,"مُكيّف,إغلاق مركزي,جهاز إنذار,مسجل CD,جنطات مغنيسيوم,وسادة حماية هوائية",6+1 ,نقدا فقط 
سكودا اوكتافيا,2012,65000,أسود ,ديزل ,خصوصي ,فلسطينية ,عادي ,1600,12/12/2020,"مُكيّف,إغلاق مركزي,جهاز إنذار,مسجل CD,جنطات مغنيسيوم,وسادة حماية هوائية",4+1 ,إمكانية التقسيط 
كيا برايد,2007,36500,أسود ,بنزين ,خصوصي ,فلسطينية ,اوتوماتيك ,1600,12/01/2021,"مُكيّف,إغلاق مركزي,جهاز إنذار,مسجل CD,فتحة سقف,جنطات مغنيسيوم,فرش جلد,وسادة حماية هوائية",,نقدا فقط 
هونداي سانتافيه,2008,53000,أبيض ,ديزل ,خصوصي ,فلسطينية ,اوتوماتيك ,2200,27/01/2021,"مُكيّف,إغلاق مركزي,مسجل CD,فتحة سقف,جنطات مغنيسيوم,فرش جلد,وسادة حماية هوائية",6+1 ,نقدا فقط 
فولكسفاجن بولو,2014,52000,بني ,بنزين ,خصوصي ,فلسطينية ,عادي ,1200,10/02/2021,"مُكيّف,إغلاق مركزي,جهاز إنذار,مسجل CD,جنطات مغنيسيوم,وسادة حماية هوائية",4+1 ,نقدا فقط 
هونداي اكسنت,2018,69500,فضي ,بنزين ,خصوصي ,فلسطينية ,اوتوماتيك ,1600,31/01/2021,"مُكيّف,إغلاق مركزي,جهاز إنذار,مسجل CD,جنطات مغنيسيوم,وسادة حماية هوائية",4+1 ,نقدا فقط 
فولكسفاجن بولو,2014,40000,أبيض ,بنزين ,خصوصي ,فلسطينية ,عادي ,1400,11/01/2021,"مُكيّف,إغلاق مركزي,جهاز إنذار,مسجل CD,جنطات مغنيسيوم,فرش جلد,وسادة حماية هوائية",4+1 ,نقدا فقط 
فورد كونيكت,2011,55000,أبيض ,ديزل ,خصوصي ,فلسطينية ,عادي ,2000,27/01/2021,"مُكيّف,إغلاق مركزي,جهاز إنذار,مسجل CD,فرش جلد,وسادة حماية هوائية",4+1 ,نقدا فقط 
مرسيدس E250,1999,33000,أبيض ,ديزل ,خصوصي ,فلسطينية ,اوتوماتيك ,2500,10/02/2021,"مُكيّف,إغلاق مركزي,جهاز إنذار,مسجل CD,جنطات مغنيسيوم,فرش جلد,وسادة حماية هوائية",4+1 ,إمكانية التقسيط 
سوبارو نملة,1982,7500,فضي ,بنزين ,خصوصي ,فلسطينية ,عادي ,1600,29/12/2020,"مسجل CD,فرش جلد",4+1 ,نقدا فقط 
اوبل استرا,2006,31500,أبيض عاجي ,بنزين ,خصوصي ,فلسطينية ,عادي ,1600,12/01/2021,"مُكيّف,إغلاق مركزي,جهاز إنذار,مسجل CD,جنطات مغنيسيوم",4+1 ,نقدا فقط 
كيا بيكانتو,2018,58000,أسود ميتالك ,بنزين ,خصوصي ,فلسطينية ,اوتوماتيك ,1000,16/12/2020,"مُكيّف,إغلاق مركزي,جهاز إنذار,مسجل CD,جنطات مغنيسيوم,فرش جلد,وسادة حماية هوائية",4+1 ,نقدا فقط 
هونداي سانتافيه,2016,115000,سكني ,ديزل ,خصوصي ,فلسطينية ,اوتوماتيك ,2000,27/01/2021,"مُكيّف,إغلاق مركزي,مسجل CD,جنطات مغنيسيوم,فرش جلد,وسادة حماية هوائية",,نقدا فقط 
ستروين  C4,2014,68000,فيراني ,ديزل ,خصوصي ,فلسطينية ,نصف اوتوماتيك ,1600,10/02/2021,"مُكيّف,إغلاق مركزي,مسجل CD,وسادة حماية هوائية",4+1 ,نقدا فقط 
فولكسفاجن كادي,2016,95000,أسود ,ديزل ,خصوصي ,فلسطينية ,عادي ,2000,29/12/2020,"مُكيّف,إغلاق مركزي,جهاز إنذار,مسجل CD,فتحة سقف,جنطات مغنيسيوم,فرش جلد,وسادة حماية هوائية",6+1 ,نقدا فقط 
هونداي فيرنا,2006,36000,فضي ,بنزين ,خصوصي ,فلسطينية ,اوتوماتيك ,1400,12/01/2021,"مُكيّف,جهاز إنذار,مسجل CD,جنطات مغنيسيوم",,نقدا فقط 
اوبل استرا,2011,45000,سكني ,بنزين ,خصوصي ,فلسطينية ,عادي ,1600,12/12/2020,"مُكيّف,إغلاق مركزي,جهاز إنذار,مسجل CD,جنطات مغنيسيوم,وسادة حماية هوائية",4+1 ,نقدا فقط 
فولكسفاجن كادي,2017,111000,أبيض عاجي ,ديزل ,خصوصي ,فلسطينية ,عادي ,2000,27/01/2021,"مُكيّف,إغلاق مركزي,جهاز إنذار,مسجل CD,جنطات مغنيسيوم,فرش جلد,وسادة حماية هوائية",6+1 ,نقدا فقط 
اوبل استرا,2006,4200,سكني ,بنزين ,خصوصي ,فلسطينية ,عادي ,1600,29/12/2020,"مُكيّف,إغلاق مركزي,جهاز إنذار,مسجل CD,جنطات مغنيسيوم,فرش جلد,وسادة حماية هوائية",4+1 ,نقدا فقط 
ستروين بيكاسو C3,2014,50000,أزرق سماوي ,ديزل ,خصوصي ,فلسطينية ,عادي ,1600,12/01/2021,"مُكيّف,إغلاق مركزي,مسجل CD,جنطات مغنيسيوم,وسادة حماية هوائية",4+1 ,إمكانية التقسيط 
نيسان باث فايندر,2011,120000,أسود ,ديزل ,خصوصي ,فلسطينية ,اوتوماتيك ,3000,12/12/2020,"مُكيّف,إغلاق مركزي,جهاز إنذار,مسجل CD,فتحة سقف,جنطات مغنيسيوم,فرش جلد,وسادة حماية هوائية",6+1 ,نقدا فقط 
سوبارو ليجاسي,1999,28000,زيتي ,بنزين ,خصوصي ,فلسطينية ,عادي ,1800,27/01/2021,"مُكيّف,إغلاق مركزي,جهاز إنذار,مسجل CD,جنطات مغنيسيوم,وسادة حماية هوائية",4+1 ,إمكانية التقسيط 
سكودا كودياك,2019,20010,كحلي ,ديزل ,خصوصي ,فلسطينية ,اوتوماتيك ,2000,16/01/2021,"مُكيّف,إغلاق مركزي,جهاز إنذار,مسجل CD,فتحة سقف,جنطات مغنيسيوم,فرش جلد,وسادة حماية هوائية",6+1 ,إمكانية التقسيط 
كيا سورينتو,2012,85000,زيتي ,ديزل ,خصوصي ,فلسطينية ,اوتوماتيك ,2200,10/02/2021,"مُكيّف,إغلاق مركزي,فتحة سقف,جنطات مغنيسيوم,فرش جلد,وسادة حماية هوائية",6+1 ,نقدا فقط 
اوبل استرا,1998,26000,أبيض ,بنزين ,خصوصي ,فلسطينية ,عادي ,1400,12/12/2020,مسجل CD,4+1 ,نقدا فقط 
كيا سول,2014,68000,أسود ميتالك ,ديزل ,خصوصي ,فلسطينية ,اوتوماتيك ,1600,27/01/2021,"مُكيّف,إغلاق مركزي,جهاز إنذار,مسجل CD,فتحة سقف,جنطات مغنيسيوم,فرش جلد,وسادة حماية هوائية",4+1 ,إمكانية التقسيط 
فورد ترانزيت,2000,40000,أبيض ,ديزل ,عمومي ,فلسطينية ,عادي ,2500,10/02/2021,"مسجل CD,وسادة حماية هوائية",8+1 ,إمكانية التقسيط 
بيجو بارتنر,2012,50000,أزرق ,ديزل ,خصوصي ,فلسطينية ,عادي ,1600,12/12/2020,"مُكيّف,إغلاق مركزي,جهاز إنذار,مسجل CD,وسادة حماية هوائية",6+1 ,نقدا فقط 
مرسيدس 280,1983,23000,أبيض عاجي ,بنزين ,حكومي ,فلسطينية ,اوتوماتيك ,2800,12/01/2021,"مُكيّف,إغلاق مركزي,جهاز إنذار,مسجل CD,جنطات مغنيسيوم,فرش جلد,وسادة حماية هوائية",4+1 ,إمكانية التقسيط 
دايو سوبر رايسر,1995,12500,أحمر ,بنزين ,تأجير ,فلسطينية ,عادي ,1500,27/01/2021,"مُكيّف,مسجل CD,جنطات مغنيسيوم",4+1 ,إمكانية التقسيط 
داتشيا ستيب واي,2019,85000,أبيض ,ديزل ,خصوصي ,فلسطينية ,عادي ,1500,12/01/2021,"مُكيّف,إغلاق مركزي,مسجل CD,فرش جلد,وسادة حماية هوائية",4+1 ,إمكانية التقسيط 
ميتسوبيشي كانتر ,2004,16500,أحمر ,ديزل ,خصوصي ,نمرة صفراء ,عادي ,4000,10/02/2021,"مُكيّف,إغلاق مركزي,جهاز إنذار,مسجل CD",2+1 ,إمكانية التقسيط 
هونداي توسان,2007,41000,سكني ,ديزل ,خصوصي ,فلسطينية ,اوتوماتيك ,1900,12/12/2020,"مُكيّف,إغلاق مركزي,جهاز إنذار,مسجل CD,جنطات مغنيسيوم,فرش جلد,وسادة حماية هوائية",4+1 ,نقدا فقط 
مرسيدس 412,1999,27000,أبيض ,ديزل ,تجاري ,فلسطينية ,عادي ,4600,27/01/2021,"مُكيّف,مسجل CD,وسادة حماية هوائية",3+1 ,إمكانية التقسيط 
فورد ترانزيت,2000,43000,أبيض ,ديزل ,عمومي ,فلسطينية ,عادي ,2500,10/02/2021,"مُكيّف,إغلاق مركزي,جهاز إنذار,مسجل CD,وسادة حماية هوائية",7+1 ,إمكانية التقسيط 
اوبل استرا,2002,21000,فضي ,بنزين ,خصوصي ,فلسطينية ,عادي ,1600,12/01/2021,"إغلاق مركزي,مسجل CD,فتحة سقف,جنطات مغنيسيوم,وسادة حماية هوائية",4+1 ,نقدا فقط 
كيا سيراتو,2017,73000,أبيض ,ديزل ,خصوصي ,فلسطينية ,اوتوماتيك ,1600,12/12/2020,"مُكيّف,مسجل CD,جنطات مغنيسيوم,فرش جلد",4+1 ,نقدا فقط 
فولكسفاجن كادي,2017,20000,أسود ميتالك ,ديزل ,خصوصي ,فلسطينية ,عادي ,1900,27/01/2021,"مُكيّف,إغلاق مركزي,جهاز إنذار,مسجل CD,جنطات مغنيسيوم,فرش جلد,وسادة حماية هوائية",6+1 ,إمكانية التقسيط 
هونداي اكسنت,2015,60000,فضي ,بنزين ,خصوصي ,فلسطينية ,اوتوماتيك ,1600,10/02/2021,"مُكيّف,إغلاق مركزي,جهاز إنذار,مسجل CD,فتحة سقف,جنطات مغنيسيوم,وسادة حماية هوائية",,إمكانية التقسيط 
ايسوزو ديماكس,2005,85000,أسود ,ديزل ,حكومي ,فلسطينية ,اوتوماتيك ,3000,12/01/2021,"مُكيّف,إغلاق مركزي,فتحة سقف,جنطات مغنيسيوم,فرش جلد,وسادة حماية هوائية",4+1 ,نقدا فقط 
سكودا اوكتافيا,2016,95000,أبيض عاجي ,ديزل ,خصوصي ,فلسطينية ,عادي ,2000,27/01/2021,"مُكيّف,إغلاق مركزي,مسجل CD,جنطات مغنيسيوم,وسادة حماية هوائية",4+1 ,نقدا فقط 
اودي A4,2009,83000,كحلي ,بنزين ,خصوصي ,فلسطينية ,نصف اوتوماتيك ,1800,12/12/2020,"مُكيّف,إغلاق مركزي,مسجل CD,فتحة سقف,جنطات مغنيسيوم,فرش جلد,وسادة حماية هوائية",4+1 ,نقدا فقط 
كيا برايد,2009,36500,أسود ,بنزين ,خصوصي ,فلسطينية ,اوتوماتيك ,1600,09/02/2021,"مُكيّف,إغلاق مركزي,جهاز إنذار,مسجل CD,جنطات مغنيسيوم,وسادة حماية هوائية",4+1 ,نقدا فقط 
اوبل اسكونا,1986,11000,أبيض ,بنزين ,خصوصي ,فلسطينية ,عادي ,1300,27/01/2021,"مُكيّف,مسجل CD,جنطات مغنيسيوم",4+1 ,نقدا فقط 
فولكسفاجن كادي,2012,70000,أسود ,ديزل ,خصوصي ,فلسطينية ,عادي ,1600,12/12/2020,"مُكيّف,إغلاق مركزي,جهاز إنذار,مسجل CD,جنطات مغنيسيوم,وسادة حماية هوائية",6+1 ,نقدا فقط 
هوندا اكورد,1995,34000,سكني ,بنزين ,خصوصي ,فلسطينية ,اوتوماتيك ,1995,10/02/2021,"مُكيّف,إغلاق مركزي,جهاز إنذار,مسجل CD,فتحة سقف,جنطات مغنيسيوم,وسادة حماية هوائية",4+1 ,إمكانية التقسيط 
سيت ابيزا,2012,41000,فيراني ,بنزين ,خصوصي ,فلسطينية ,عادي ,1400,27/01/2021,"مُكيّف,إغلاق مركزي,جهاز إنذار,مسجل CD,جنطات مغنيسيوم,وسادة حماية هوائية",4+1 ,نقدا فقط 
بيجو 307,2002,26000,سكني ,ديزل ,عمومي ,فلسطينية ,عادي ,2000,12/01/2021,"مُكيّف,إغلاق مركزي,جهاز إنذار,مسجل CD,فتحة سقف,جنطات مغنيسيوم,وسادة حماية هوائية",4+1 ,إمكانية التقسيط 
كيا برايد,2008,55000,رصاصي ,بنزين ,خصوصي ,فلسطينية ,اوتوماتيك ,1400,10/02/2021,"مُكيّف,مسجل CD,فرش جلد",4+1 ,نقدا فقط 
سكودا يتي,2013,67000,فيراني ,بنزين ,خصوصي ,فلسطينية ,عادي ,1200,27/01/2021,"مُكيّف,إغلاق مركزي,جهاز إنذار,مسجل CD,جنطات مغنيسيوم,وسادة حماية هوائية",,نقدا فقط 
فورد مونديو,2009,45000,أزرق ,بنزين ,حكومي ,فلسطينية ,اوتوماتيك ,2200,12/01/2021,"مُكيّف,إغلاق مركزي,جهاز إنذار,مسجل CD,جنطات مغنيسيوم,فرش جلد,وسادة حماية هوائية",,نقدا فقط 
فولكسفاجن CC,2009,65000,كحلي ,بنزين ,خصوصي ,فلسطينية ,اوتوماتيك ,2000,10/02/2021,"مُكيّف,إغلاق مركزي,جهاز إنذار,مسجل CD,فتحة سقف,جنطات مغنيسيوم,فرش جلد,وسادة حماية هوائية",4+1 ,نقدا فقط 
بي ام دبليو 320,2015,125000,أبيض عاجي ,بنزين ,خصوصي ,فلسطينية ,اوتوماتيك ,2000,27/01/2021,"مُكيّف,إغلاق مركزي,جهاز إنذار,مسجل CD,فتحة سقف,جنطات مغنيسيوم,فرش جلد,وسادة حماية هوائية",4+1 ,نقدا فقط 
فولكسفاجن بولو,2015,47000,فضي ,بنزين ,خصوصي ,فلسطينية ,عادي ,1200,12/01/2021,"مُكيّف,إغلاق مركزي,جهاز إنذار,مسجل CD,جنطات مغنيسيوم,وسادة حماية هوائية",,نقدا فقط 
اودي Q5,2012,130000,أسود ميتالك ,ديزل ,خصوصي ,فلسطينية ,اوتوماتيك ,2000,10/02/2021,"مُكيّف,إغلاق مركزي,جهاز إنذار,مسجل CD,فتحة سقف,جنطات مغنيسيوم,فرش جلد,وسادة حماية هوائية",4+1 ,إمكانية التقسيط 
فولكسفاجن كادي,2017,250000,أصفر ,ديزل ,عمومي ,فلسطينية ,عادي ,1900,12/01/2021,"مُكيّف,إغلاق مركزي,جهاز إنذار,مسجل CD",4+1 ,إمكانية التقسيط 
ميتسوبيشي  كانتر,2006,55000,أبيض ,ديزل ,تجاري ,فلسطينية ,عادي ,4000,10/02/2021,"مُكيّف,إغلاق مركزي,جهاز إنذار,مسجل CD,فرش جلد,وسادة حماية هوائية",6+1 ,نقدا فقط 
سكودا اوكتافيا,2016,79000,أبيض عاجي ,ديزل ,خصوصي ,فلسطينية ,عادي ,1600,10/02/2021,"مُكيّف,إغلاق مركزي,جهاز إنذار,مسجل CD,جنطات مغنيسيوم,فرش جلد,وسادة حماية هوائية",,نقدا فقط 
فولكسفاجن جولف,2017,115000,كحلي ,بنزين ,خصوصي ,فلسطينية ,اوتوماتيك ,1400,27/01/2021,"مُكيّف,إغلاق مركزي,جهاز إنذار,مسجل CD,فتحة سقف,جنطات مغنيسيوم,وسادة حماية هوائية",4+1 ,نقدا فقط 
سيت ليون,2018,76000,أبيض ,بنزين ,خصوصي ,فلسطينية ,عادي ,1200,12/01/2021,"مُكيّف,إغلاق مركزي,جهاز إنذار,مسجل CD,جنطات مغنيسيوم,وسادة حماية هوائية",4+1 ,نقدا فقط 
فولكسفاجن توران,2008,58000,كحلي ,ديزل ,خصوصي ,فلسطينية ,عادي ,1900,10/02/2021,"مُكيّف,إغلاق مركزي,مسجل CD,جنطات مغنيسيوم,وسادة حماية هوائية",6+1 ,إمكانية التقسيط 
فولكسفاجن جولف,2001,38000,أبيض ,بنزين ,خصوصي ,فلسطينية ,عادي ,1600,27/01/2021,"مُكيّف,إغلاق مركزي,جهاز إنذار,مسجل CD,وسادة حماية هوائية",4+1 ,نقدا فقط 
هونداي توسان,2013,72000,فضي ,ديزل ,خصوصي ,فلسطينية ,نصف اوتوماتيك ,2000,12/01/2021,"مُكيّف,إغلاق مركزي,جهاز إنذار,مسجل CD,جنطات مغنيسيوم,فرش جلد,وسادة حماية هوائية",4+1 ,نقدا فقط 
فولكسفاجن جولف,2018,94999,فيراني ,بنزين ,خصوصي ,فلسطينية ,اوتوماتيك ,1400,10/02/2021,"مُكيّف,إغلاق مركزي,جهاز إنذار,مسجل CD,جنطات مغنيسيوم,وسادة حماية هوائية",4+1 ,نقدا فقط 
سيت ابيزا,2017,52500,فيراني ,بنزين ,خصوصي ,فلسطينية ,عادي ,1200,27/01/2021,"مُكيّف,إغلاق مركزي,جهاز إنذار,مسجل CD,جنطات مغنيسيوم,وسادة حماية هوائية",,إمكانية التقسيط 
فولكسفاجن بولو,2006,36000,أزرق ,بنزين ,حكومي ,فلسطينية ,عادي ,1400,17/01/2021,"مُكيّف,إغلاق مركزي,جهاز إنذار,مسجل CD,فرش جلد,وسادة حماية هوائية",4+1 ,إمكانية التقسيط 
هونداي توسان,2013,73000,سكني ,ديزل ,خصوصي ,فلسطينية ,اوتوماتيك ,2000,10/02/2021,"مُكيّف,إغلاق مركزي,جهاز إنذار,مسجل CD,جنطات مغنيسيوم,فرش جلد,وسادة حماية هوائية",4+1 ,نقدا فقط 
مرسيدس E200,2014,165000,بترولي ,بنزين ,خصوصي ,فلسطينية ,اوتوماتيك ,2000,27/01/2021,"مُكيّف,إغلاق مركزي,جهاز إنذار,مسجل CD,فتحة سقف,جنطات مغنيسيوم,فرش جلد,وسادة حماية هوائية",4+1 ,نقدا فقط 
سكودا 2013,2013,80000,سكني ,ديزل ,خصوصي ,فلسطينية ,عادي ,1600,12/01/2021,"مُكيّف,إغلاق مركزي,جهاز إنذار,جنطات مغنيسيوم,فرش جلد,وسادة حماية هوائية",4+1 ,إمكانية التقسيط 
هونداي الانترا,2006,28000,كحلي ,بنزين ,خصوصي ,فلسطينية ,اوتوماتيك ,1600,10/02/2021,"مُكيّف,جهاز إنذار,مسجل CD,وسادة حماية هوائية",4+1 ,إمكانية التقسيط 
هونداي اكسنت,2012,55000,أبيض ,ديزل ,خصوصي ,فلسطينية ,اوتوماتيك ,1600,27/01/2021,"مُكيّف,إغلاق مركزي,جهاز إنذار,مسجل CD,فتحة سقف,جنطات مغنيسيوم,فرش جلد,وسادة حماية هوائية",4+1 ,نقدا فقط 
سانغ يونغ ركستون,2015,125000,أبيض ,ديزل ,خصوصي ,فلسطينية ,اوتوماتيك ,2000,12/01/2021,"مُكيّف,إغلاق مركزي,جهاز إنذار,مسجل CD,فتحة سقف,جنطات مغنيسيوم,فرش جلد,وسادة حماية هوائية",6+1 ,إمكانية التقسيط 
فورد فيستا,2013,41000,سكني ,بنزين ,خصوصي ,فلسطينية ,عادي ,1250,10/02/2021,"مُكيّف,إغلاق مركزي,جهاز إنذار,مسجل CD,وسادة حماية هوائية",,نقدا فقط 
فيات باندا,2011,32000,رمادي ,بنزين ,خصوصي ,فلسطينية ,نصف اوتوماتيك ,1250,27/01/2021,"مُكيّف,مسجل CD",4+1 ,إمكانية التقسيط 
فيات 2018 ,2018,25000,فيراني ,ديزل ,خصوصي ,فلسطينية ,عادي ,1600,12/01/2021,"مُكيّف,جنطات مغنيسيوم,فرش جلد",4+1 ,إمكانية التقسيط 
سكودا اوكتافيا,2014,90000,أبيض ,ديزل ,خصوصي ,فلسطينية ,اوتوماتيك ,1600,10/02/2021,"مُكيّف,إغلاق مركزي,جهاز إنذار,مسجل CD,فتحة سقف,جنطات مغنيسيوم,فرش جلد,وسادة حماية هوائية",,نقدا فقط 
سيت ليون,2017,61000,أسود ميتالك ,بنزين ,خصوصي ,فلسطينية ,عادي ,1200,03/02/2021,"مُكيّف,إغلاق مركزي,جهاز إنذار,مسجل CD,جنطات مغنيسيوم,وسادة حماية هوائية",4+1 ,نقدا فقط 
ميتسوبيشي جالانت,1996,22000,أبيض ,بنزين ,حكومي ,فلسطينية ,اوتوماتيك ,2000,12/01/2021,"مُكيّف,مسجل CD,فتحة سقف,جنطات مغنيسيوم",4+1 ,إمكانية التقسيط 
اوبل كورسا,2013,37000,كرميدي ,بنزين ,خصوصي ,فلسطينية ,عادي ,1400,10/02/2021,"مُكيّف,إغلاق مركزي,مسجل CD,جنطات مغنيسيوم,وسادة حماية هوائية",4+1 ,نقدا فقط 
كاديلاك جيب,2011,130000,أسود ,بنزين ,خصوصي ,فلسطينية ,اوتوماتيك ,3000,27/01/2021,"مُكيّف,إغلاق مركزي,جهاز إنذار,مسجل CD,فتحة سقف,جنطات مغنيسيوم,فرش جلد,وسادة حماية هوائية",4+1 ,نقدا فقط 
فولكسفاجن 2014,2014,88500,أبيض عاجي ,ديزل ,خصوصي ,فلسطينية ,عادي ,1600,12/01/2021,"مُكيّف,إغلاق مركزي,جهاز إنذار,مسجل CD,جنطات مغنيسيوم,فرش جلد,وسادة حماية هوائية",6+1 ,نقدا فقط 
بيجو 307,2002,23000,أبيض ,ديزل ,عمومي ,فلسطينية ,عادي ,2000,27/01/2021,"مُكيّف,إغلاق مركزي,جهاز إنذار,مسجل CD,جنطات مغنيسيوم,وسادة حماية هوائية",4+1 ,نقدا فقط 
كيا سورينتو,2014,110000,أبيض عاجي ,ديزل ,خصوصي ,فلسطينية ,اوتوماتيك ,2200,12/01/2021,"مُكيّف,إغلاق مركزي,جهاز إنذار,مسجل CD,فتحة سقف,جنطات مغنيسيوم,فرش جلد,وسادة حماية هوائية",6+1 ,نقدا فقط 
فولكسفاجن توران,2009,55000,فضي ,ديزل ,خصوصي ,فلسطينية ,اوتوماتيك ,1900,12/01/2021,"مُكيّف,إغلاق مركزي,جهاز إنذار,مسجل CD,جنطات مغنيسيوم,وسادة حماية هوائية",4+1 ,إمكانية التقسيط 
هونداي سانتافيه,2008,55000,أسود ,ديزل ,خصوصي ,فلسطينية ,اوتوماتيك ,2200,10/02/2021,"مُكيّف,إغلاق مركزي,جهاز إنذار,مسجل CD,فتحة سقف,جنطات مغنيسيوم,فرش جلد,وسادة حماية هوائية",6+1 ,إمكانية التقسيط 
بيجو 504,1983,12000,بيج ,بنزين ,خصوصي ,فلسطينية ,اوتوماتيك ,1800,27/01/2021,"مُكيّف,مسجل CD,وسادة حماية هوائية",3+1 ,إمكانية التقسيط 
سكودا فابيا,2003,33000,أبيض ,ديزل ,عمومي ,فلسطينية ,عادي ,1900,12/01/2021,جنطات مغنيسيوم,4+1 ,نقدا فقط 
كيا مورننغ,2018,55000,رصاصي ,بنزين ,خصوصي ,فلسطينية ,اوتوماتيك ,1000,10/02/2021,"مُكيّف,إغلاق مركزي,جهاز إنذار,مسجل CD,فتحة سقف,جنطات مغنيسيوم,فرش جلد,وسادة حماية هوائية",4+1 ,إمكانية التقسيط 
هونداي فيرنا,2006,32500,أسود ميتالك ,بنزين ,خصوصي ,فلسطينية ,عادي ,1400,27/01/2021,"مُكيّف,إغلاق مركزي,جهاز إنذار,مسجل CD,جنطات مغنيسيوم,وسادة حماية هوائية",4+1 ,نقدا فقط 
اوبل استرا,2006,35000,فضي ,ديزل ,خصوصي ,فلسطينية ,اوتوماتيك ,1600,12/01/2021,"مُكيّف,إغلاق مركزي,جهاز إنذار,مسجل CD,جنطات مغنيسيوم",4+1 ,إمكانية التقسيط 
هونداي جيتس,2008,27000,أسود ,بنزين ,تأجير ,فلسطينية ,اوتوماتيك ,1400,10/02/2021,"مُكيّف,إغلاق مركزي,جهاز إنذار,مسجل CD,جنطات مغنيسيوم,فرش جلد",4+1 ,إمكانية التقسيط 
سيت ليون,2015,58000,فيراني ,بنزين ,خصوصي ,فلسطينية ,عادي ,1200,27/01/2021,"مُكيّف,إغلاق مركزي,جهاز إنذار,مسجل CD,جنطات مغنيسيوم,وسادة حماية هوائية",4+1 ,نقدا فقط 
فولكسفاجن جولف,2013,82000,رمادي ,بنزين ,خصوصي ,فلسطينية ,اوتوماتيك ,1400,12/01/2021,"مُكيّف,إغلاق مركزي,جهاز إنذار,مسجل CD,جنطات مغنيسيوم,فرش جلد,وسادة حماية هوائية",4+1 ,إمكانية التقسيط 
اوبل اسكونا,1986,13500,فيراني ,بنزين ,خصوصي ,فلسطينية ,عادي ,1600,10/02/2021,"مسجل CD,جنطات مغنيسيوم",4+1 ,نقدا فقط 
سكودا اوكتافيا,2011,65000,كحلي ,ديزل ,خصوصي ,فلسطينية ,عادي ,1600,27/01/2021,"مُكيّف,إغلاق مركزي,جهاز إنذار,مسجل CD,جنطات مغنيسيوم,فرش جلد,وسادة حماية هوائية",4+1 ,نقدا فقط 
كيا بيكانتو,2016,42000,أبيض ,بنزين ,خصوصي ,فلسطينية ,اوتوماتيك ,1000,12/01/2021,"مُكيّف,إغلاق مركزي,جهاز إنذار,مسجل CD,جنطات مغنيسيوم,فرش جلد,وسادة حماية هوائية",4+1 ,نقدا فقط 
سكودا رابيد,2015,58000,فضي ,بنزين ,خصوصي ,فلسطينية ,عادي ,1200,10/02/2021,"مُكيّف,إغلاق مركزي,مسجل CD,جنطات مغنيسيوم,وسادة حماية هوائية",4+1 ,نقدا فقط 
كيا سول,2011,60000,سكني ,بنزين ,خصوصي ,فلسطينية ,اوتوماتيك ,1600,27/01/2021,"مُكيّف,جهاز إنذار,مسجل CD,جنطات مغنيسيوم",4+1 ,إمكانية التقسيط 
سكودا سبيس باك,2018,91999,أحمر ,بنزين ,خصوصي ,فلسطينية ,اوتوماتيك ,2000,12/01/2021,"مُكيّف,إغلاق مركزي,جهاز إنذار,مسجل CD,فتحة سقف,جنطات مغنيسيوم,فرش جلد,وسادة حماية هوائية",4+1 ,نقدا فقط 
سيت ليون,2018,75000,أسود ,بنزين ,خصوصي ,فلسطينية ,عادي ,1200,10/02/2021,"مُكيّف,إغلاق مركزي,جنطات مغنيسيوم,وسادة حماية هوائية",4+1 ,إمكانية التقسيط 
اوبل استرا,2014,48000,أبيض ,بنزين ,خصوصي ,فلسطينية ,اوتوماتيك ,1600,27/01/2021,"مُكيّف,مسجل CD,جنطات مغنيسيوم,فرش جلد,وسادة حماية هوائية",4+1 ,نقدا فقط 
سكودا رومستر,2012,49500,رمادي ,ديزل ,خصوصي ,فلسطينية ,عادي ,1600,17/01/2021,"مُكيّف,إغلاق مركزي,جهاز إنذار,مسجل CD,جنطات مغنيسيوم,وسادة حماية هوائية",4+1 ,نقدا فقط 
رينو R9,1986,7000,أحمر ,بنزين ,خصوصي ,فلسطينية ,عادي ,1200,10/02/2021,"مُكيّف,مسجل CD,وسادة حماية هوائية",3+1 ,نقدا فقط 
اوبل كورسا,2016,47000,أزرق ,بنزين ,خصوصي ,فلسطينية ,عادي ,1400,27/01/2021,"مُكيّف,إغلاق مركزي,جهاز إنذار,مسجل CD,جنطات مغنيسيوم,وسادة حماية هوائية",4+1 ,نقدا فقط 
بيجو 207,2008,34000,أحمر ,بنزين ,خصوصي ,فلسطينية ,اوتوماتيك ,1600,12/01/2021,"مُكيّف,إغلاق مركزي,جهاز إنذار,مسجل CD,جنطات مغنيسيوم,فرش جلد,وسادة حماية هوائية",4+1 ,نقدا فقط 
كيا اوبتيما,2018,100000,أسود ميتالك ,ديزل ,خصوصي ,فلسطينية ,اوتوماتيك ,1700,10/02/2021,"مُكيّف,إغلاق مركزي,جهاز إنذار,مسجل CD,جنطات مغنيسيوم,فرش جلد,وسادة حماية هوائية",4+1 ,نقدا فقط 
سكودا اوكتافيا,2017,95000,أحمر ,بنزين ,حكومي ,فلسطينية ,اوتوماتيك ,1400,27/01/2021,"مُكيّف,إغلاق مركزي,جهاز إنذار,مسجل CD,فتحة سقف,جنطات مغنيسيوم,وسادة حماية هوائية",4+1 ,إمكانية التقسيط 
هونداي اكسنت,2016,58000,أبيض عاجي ,بنزين ,خصوصي ,فلسطينية ,اوتوماتيك ,1400,12/01/2021,"مُكيّف,إغلاق مركزي,مسجل CD,جنطات مغنيسيوم,فرش جلد,وسادة حماية هوائية",4+1 ,نقدا فقط 
فولكسفاجن جيتا,2008,50000,فيراني ,ديزل ,عمومي ,فلسطينية ,عادي ,1900,10/02/2021,"مُكيّف,إغلاق مركزي,جهاز إنذار,مسجل CD,جنطات مغنيسيوم,فرش جلد,وسادة حماية هوائية",4+1 ,إمكانية التقسيط 
كيا سورينتو,2012,87000,فيراني ,ديزل ,خصوصي ,فلسطينية ,اوتوماتيك ,2200,10/02/2021,"مُكيّف,جهاز إنذار,مسجل CD,جنطات مغنيسيوم,فرش جلد",6+1 ,نقدا فقط 
ستروين بيرلينجو,2007,40000,أبيض ,ديزل ,خصوصي ,فلسطينية ,عادي ,1600,10/02/2021,"مُكيّف,إغلاق مركزي,مسجل CD,فتحة سقف,جنطات مغنيسيوم,وسادة حماية هوائية",4+1 ,إمكانية التقسيط 
فورد F 150,2008,99900,أزرق ,بنزين ,خصوصي ,فلسطينية ,اوتوماتيك ,4600,27/01/2021,"مُكيّف,إغلاق مركزي,جهاز إنذار,مسجل CD,جنطات مغنيسيوم,وسادة حماية هوائية",5+1 ,نقدا فقط 
هونداي توسان,2018,89999,فضي ,ديزل ,خصوصي ,فلسطينية ,اوتوماتيك ,2000,17/01/2021,"مُكيّف,إغلاق مركزي,جهاز إنذار,مسجل CD,جنطات مغنيسيوم,فرش جلد,وسادة حماية هوائية",4+1 ,نقدا فقط 
فولكسفاجن بورا,2005,35000,سكني ,ديزل ,عمومي ,فلسطينية ,عادي ,1900,27/01/2021,"مُكيّف,مسجل CD,جنطات مغنيسيوم,فرش جلد,وسادة حماية هوائية",4+1 ,إمكانية التقسيط 
فولكسفاجن بولو,2017,64000,فضي ,بنزين ,خصوصي ,فلسطينية ,عادي ,1200,10/02/2021,"مُكيّف,إغلاق مركزي,جهاز إنذار,مسجل CD,جنطات مغنيسيوم,فرش جلد,وسادة حماية هوائية",4+1 ,نقدا فقط 
هونداي H1,2005,25000,أبيض ,ديزل ,عمومي ,فلسطينية ,عادي ,2500,12/01/2021,"مُكيّف,إغلاق مركزي,جهاز إنذار,مسجل CD,جنطات مغنيسيوم,فرش جلد,وسادة حماية هوائية",4+1 ,نقدا فقط 
فولكسفاجن جيتا,2008,49000,فيراني ,ديزل ,عمومي ,فلسطينية ,عادي ,1900,10/02/2021,"مُكيّف,إغلاق مركزي,مسجل CD,جنطات مغنيسيوم,فرش جلد,وسادة حماية هوائية",4+1 ,إمكانية التقسيط 
كيا سبورتاج,2018,105000,فيراني ,ديزل ,خصوصي ,فلسطينية ,اوتوماتيك ,2000,27/01/2021,"مُكيّف,إغلاق مركزي,جنطات مغنيسيوم,فرش جلد,وسادة حماية هوائية",4+1 ,نقدا فقط 
فولكسفاجن كادي,2017,102000,فيراني ,ديزل ,خصوصي ,فلسطينية ,عادي ,2000,17/01/2021,"مُكيّف,إغلاق مركزي,جهاز إنذار,مسجل CD,وسادة حماية هوائية",4+1 ,إمكانية التقسيط 
بي ام دبليو 525,2007,91000,كحلي ,بنزين ,خصوصي ,فلسطينية ,اوتوماتيك ,2500,10/02/2021,"إغلاق مركزي,مسجل CD,فتحة سقف,جنطات مغنيسيوم,فرش جلد,وسادة حماية هوائية",5+1 ,نقدا فقط 
اوبل كورسا,2003,27000,كحلي ,بنزين ,خصوصي ,فلسطينية ,عادي ,1250,27/01/2021,"مُكيّف,إغلاق مركزي,جهاز إنذار,مسجل CD,جنطات مغنيسيوم",4+1 ,نقدا فقط 
هونداي اكسنت,2017,68000,عدة الوان ,بنزين ,خصوصي ,فلسطينية ,اوتوماتيك ,1400,12/01/2021,"مُكيّف,إغلاق مركزي,جهاز إنذار,مسجل CD,وسادة حماية هوائية",4+1 ,إمكانية التقسيط 
دايو لانوس,1997,19000,خمري ,بنزين ,خصوصي ,فلسطينية ,عادي ,1550,10/02/2021,"مُكيّف,إغلاق مركزي,مسجل CD,جنطات مغنيسيوم,وسادة حماية هوائية",4+1 ,نقدا فقط 
فولكسفاجن كادي,2014,79999,أبيض عاجي ,ديزل ,خصوصي ,فلسطينية ,عادي ,1600,27/01/2021,"مُكيّف,إغلاق مركزي,جهاز إنذار,فرش جلد,وسادة حماية هوائية",6+1 ,نقدا فقط 
داف 55,2005,75000,أبيض ,ديزل ,تجاري ,فلسطينية ,عادي ,240,12/01/2021,"مُكيّف,إغلاق مركزي,جهاز إنذار,مسجل CD,وسادة حماية هوائية",2+1 ,نقدا فقط 
فولكسفاجن باسات,2000,35000,فضي ,بنزين ,خصوصي ,فلسطينية ,عادي ,1800,10/02/2021,"مُكيّف,إغلاق مركزي,وسادة حماية هوائية",4+1 ,نقدا فقط 
سكودا اوكتافيا,2015,74000,سكني ,ديزل ,خصوصي ,فلسطينية ,عادي ,1600,27/01/2021,"مُكيّف,إغلاق مركزي,جهاز إنذار,مسجل CD,فتحة سقف,جنطات مغنيسيوم,فرش جلد,وسادة حماية هوائية",4+1 ,نقدا فقط 
فولكسفاجن تيجوان,2018,128000,أبيض ,بنزين ,خصوصي ,فلسطينية ,اوتوماتيك ,1400,12/01/2021,"مُكيّف,إغلاق مركزي,جهاز إنذار,مسجل CD,فتحة سقف,جنطات مغنيسيوم,وسادة حماية هوائية",4+1 ,إمكانية التقسيط 
سيت ليون,2017,70000,أزرق ,بنزين ,خصوصي ,فلسطينية ,عادي ,1200,10/02/2021,"مُكيّف,إغلاق مركزي,جهاز إنذار,مسجل CD,جنطات مغنيسيوم,فرش جلد,وسادة حماية هوائية",4+1 ,إمكانية التقسيط 
نيسان كشكاي,2016,140000,بنفسجي ,ديزل ,خصوصي ,فلسطينية ,اوتوماتيك ,1600,27/01/2021,"مُكيّف,إغلاق مركزي,جهاز إنذار,مسجل CD,فتحة سقف,جنطات مغنيسيوم,فرش جلد,وسادة حماية هوائية",4+1 ,إمكانية التقسيط 
هونداي اكسنت,2015,52000,فيراني ,بنزين ,خصوصي ,فلسطينية ,اوتوماتيك ,1600,27/01/2021,"مُكيّف,إغلاق مركزي,جهاز إنذار,مسجل CD,وسادة حماية هوائية",,نقدا فقط 
فولكسفاجن بورا,2005,34000,أبيض عاجي ,ديزل ,عمومي ,فلسطينية ,عادي ,1900,10/02/2021,"مُكيّف,إغلاق مركزي,مسجل CD,فتحة سقف,جنطات مغنيسيوم,وسادة حماية هوائية",4+1 ,إمكانية التقسيط 
فيات اونو,1994,16000,أحمر ,بنزين ,تأجير ,فلسطينية ,عادي ,1000,27/01/2021,"مُكيّف,إغلاق مركزي,جهاز إنذار,مسجل CD,فتحة سقف,جنطات مغنيسيوم,فرش جلد,وسادة حماية هوائية",,نقدا فقط 
فيات باندا,2010,29000,أسود ,بنزين ,خصوصي ,فلسطينية ,عادي ,1200,12/01/2021,"مُكيّف,مسجل CD,جنطات مغنيسيوم,وسادة حماية هوائية",4+1 ,نقدا فقط 
فيات اونو,1988,10000,أحمر ,بنزين ,تأجير ,فلسطينية ,عادي ,1000,27/01/2021,"إغلاق مركزي,مسجل CD",4+1 ,إمكانية التقسيط 
مرسيدس E200,2015,180000,أسود ميتالك ,بنزين ,خصوصي ,فلسطينية ,اوتوماتيك ,2000,12/01/2021,"إغلاق مركزي,جهاز إنذار,مسجل CD,فتحة سقف,جنطات مغنيسيوم,فرش جلد,وسادة حماية هوائية",4+1 ,نقدا فقط 
فولكسفاجن كادي,2017,100000,سكني ,ديزل ,خصوصي ,فلسطينية ,عادي ,2000,27/01/2021,"مُكيّف,إغلاق مركزي,جهاز إنذار,مسجل CD,جنطات مغنيسيوم,فرش جلد,وسادة حماية هوائية",6+1 ,إمكانية التقسيط 
مرسيدس 412,1997,33000,أبيض ,ديزل ,عمومي ,فلسطينية ,عادي ,2000,12/01/2021,مسجل CD,7+1 ,إمكانية التقسيط 
مرسيدس E200,2014,160000,سكني ,بنزين ,خصوصي ,فلسطينية ,اوتوماتيك ,2000,10/02/2021,"مُكيّف,إغلاق مركزي,جهاز إنذار,مسجل CD,فتحة سقف,جنطات مغنيسيوم,فرش جلد,وسادة حماية هوائية",4+1 ,إمكانية التقسيط 
فولكسفاجن باسات,2006,50000,فيراني ,بنزين ,خصوصي ,فلسطينية ,اوتوماتيك ,2000,27/01/2021,"مُكيّف,إغلاق مركزي,جهاز إنذار,مسجل CD,جنطات مغنيسيوم,فرش جلد,وسادة حماية هوائية",4+1 ,نقدا فقط 
مرسيدس E200,1990,40000,أبيض عاجي ,بنزين ,خصوصي ,فلسطينية ,اوتوماتيك ,2000,12/01/2021,"مُكيّف,مسجل CD,فتحة سقف,جنطات مغنيسيوم",4+1 ,إمكانية التقسيط 
شفرليت سونك ,2012,48000,سكني ,بنزين ,تأجير ,فلسطينية ,اوتوماتيك ,1600,10/02/2021,"مُكيّف,إغلاق مركزي,جهاز إنذار,مسجل CD,فتحة سقف,جنطات مغنيسيوم,وسادة حماية هوائية",4+1 ,إمكانية التقسيط 
سكودا فابيا,2017,65000,فيراني ,ديزل ,خصوصي ,فلسطينية ,عادي ,1400,27/01/2021,"مُكيّف,إغلاق مركزي,جهاز إنذار,مسجل CD,جنطات مغنيسيوم,وسادة حماية هوائية",4+1 ,إمكانية التقسيط 
هونداي H1,1999,10000,سكني ,ديزل ,عمومي ,فلسطينية ,عادي ,2600,10/02/2021,"مُكيّف,مسجل CD,وسادة حماية هوائية",7+1 ,نقدا فقط 
فورد فوكس,2014,48000,أبيض ,بنزين ,خصوصي ,فلسطينية ,اوتوماتيك ,1600,27/01/2021,"مُكيّف,إغلاق مركزي,جهاز إنذار,مسجل CD,وسادة حماية هوائية",4+1 ,نقدا فقط 
شاحنة مان,2000,35000,أبيض عاجي ,ديزل ,تدريب سياقة ,فلسطينية ,عادي ,3000,10/02/2021,"مُكيّف,إغلاق مركزي,جهاز إنذار,مسجل CD,وسادة حماية هوائية",2+1 ,نقدا فقط 
فيات اونو,1986,10000,أبيض ,بنزين ,خصوصي ,فلسطينية ,عادي ,1116,27/01/2021,جنطات مغنيسيوم,4+1 ,إمكانية التقسيط 
فولكسفاجن جولف,2007,55000,رمادي ,ديزل ,خصوصي ,فلسطينية ,اوتوماتيك ,1900,10/02/2021,"مُكيّف,إغلاق مركزي,جهاز إنذار,مسجل CD,فتحة سقف,جنطات مغنيسيوم,فرش جلد,وسادة حماية هوائية",4+1 ,نقدا فقط 
سيت ليون,2019,76999,خمري ,بنزين ,خصوصي ,فلسطينية ,عادي ,1200,03/02/2021,"مُكيّف,إغلاق مركزي,جهاز إنذار,مسجل CD,جنطات مغنيسيوم,وسادة حماية هوائية",4+1 ,إمكانية التقسيط 
دراجة نارية 2017,2017,45000,برتقالي ,بنزين ,خصوصي ,فلسطينية ,عادي ,250,11/02/2021,"مُكيّف,إغلاق مركزي,جهاز إنذار,مسجل CD,وسادة حماية هوائية",1+1 ,إمكانية التقسيط 
سيت ليون,2019,76999,سكني ,بنزين ,خصوصي ,فلسطينية ,عادي ,1200,27/01/2021,"مُكيّف,إغلاق مركزي,جهاز إنذار,مسجل CD,جنطات مغنيسيوم,وسادة حماية هوائية",4+1 ,إمكانية التقسيط 
مرسيدس C250,2012,115000,بترولي ,بنزين ,خصوصي ,فلسطينية ,اوتوماتيك ,1800,11/02/2021,"مُكيّف,إغلاق مركزي,جهاز إنذار,فتحة سقف,جنطات مغنيسيوم,فرش جلد,وسادة حماية هوائية",4+1 ,إمكانية التقسيط 
هونداي فيرنا,2004,25000,أبيض ,بنزين ,خصوصي ,فلسطينية ,اوتوماتيك ,1500,27/01/2021,"مُكيّف,إغلاق مركزي,جهاز إنذار,مسجل CD,جنطات مغنيسيوم,فرش جلد,وسادة حماية هوائية",4+1 ,نقدا فقط 
سكودا اوكتافيا,2018,120000,أبيض عاجي ,ديزل ,خصوصي ,فلسطينية ,اوتوماتيك ,2000,10/02/2021,"مُكيّف,إغلاق مركزي,جهاز إنذار,مسجل CD,جنطات مغنيسيوم,فرش جلد,وسادة حماية هوائية",4+1 ,إمكانية التقسيط 
كيا فورتي,2009,46000,فيراني ,بنزين ,خصوصي ,فلسطينية ,اوتوماتيك ,1600,27/01/2021,"مُكيّف,إغلاق مركزي,جهاز إنذار,مسجل CD,فتحة سقف,جنطات مغنيسيوم,فرش جلد,وسادة حماية هوائية",4+1 ,نقدا فقط 
بيجو 306,1999,14000,أبيض عاجي ,بنزين ,حكومي ,فلسطينية ,عادي ,1800,10/02/2021,"مُكيّف,إغلاق مركزي,جهاز إنذار,مسجل CD,جنطات مغنيسيوم,وسادة حماية هوائية",4+1 ,إمكانية التقسيط 
هونداي توسان,2007,40000,أسود ,ديزل ,خصوصي ,فلسطينية ,اوتوماتيك ,2000,27/01/2021,"مُكيّف,إغلاق مركزي,جهاز إنذار,مسجل CD,فتحة سقف,جنطات مغنيسيوم,فرش جلد,وسادة حماية هوائية",4+1 ,نقدا فقط 
فولكسفاجن كبينة,1985,28000,أبيض عاجي ,ديزل ,تجاري ,فلسطينية ,عادي ,1900,10/02/2021,"مسجل CD,فرش جلد",5+1 ,إمكانية التقسيط 
كيا سول,2015,63000,أحمر ,ديزل ,خصوصي ,فلسطينية ,اوتوماتيك ,1600,10/02/2021,"مُكيّف,إغلاق مركزي,جهاز إنذار,مسجل CD,جنطات مغنيسيوم,فرش جلد,وسادة حماية هوائية",4+1 ,نقدا فقط 
بي ام دبليو M3,2004,80000,أزرق ,بنزين ,خصوصي ,فلسطينية ,عادي ,3000,27/01/2021,"مُكيّف,إغلاق مركزي,جهاز إنذار,مسجل CD,فتحة سقف,جنطات مغنيسيوم,فرش جلد,وسادة حماية هوائية",4+1 ,نقدا فقط 
هونداي توسان,2018,103000,فضي ,ديزل ,خصوصي ,فلسطينية ,اوتوماتيك ,2000,10/02/2021,"مُكيّف,إغلاق مركزي,جهاز إنذار,مسجل CD,جنطات مغنيسيوم,فرش جلد,وسادة حماية هوائية",4+1 ,نقدا فقط 
فولكسفاجن باسات,1999,25000,أخضر ,ديزل ,خصوصي ,فلسطينية ,عادي ,1900,27/01/2021,"إغلاق مركزي,جهاز إنذار,مسجل CD,جنطات مغنيسيوم",4+1 ,إمكانية التقسيط 
كيا سيراتو,2006,140000,فضي ,بنزين ,خصوصي ,فلسطينية ,اوتوماتيك ,1600,10/02/2021,"مُكيّف,إغلاق مركزي,جهاز إنذار,جنطات مغنيسيوم,فرش جلد,وسادة حماية هوائية",4+1 ,نقدا فقط 
هونداي سانتافيه,2019,179000,رمادي ,ديزل ,خصوصي ,فلسطينية ,اوتوماتيك ,2000,28/01/2021,"مُكيّف,إغلاق مركزي,جهاز إنذار,مسجل CD,فتحة سقف,جنطات مغنيسيوم,فرش جلد,وسادة حماية هوائية",6+1 ,إمكانية التقسيط 
سكودا اوكتافيا,2016,95000,أحمر ,ديزل ,خصوصي ,فلسطينية ,عادي ,2000,10/02/2021,"مُكيّف,إغلاق مركزي,جهاز إنذار,مسجل CD,جنطات مغنيسيوم,فرش جلد,وسادة حماية هوائية",4+1 ,إمكانية التقسيط 
شفرليت كابتيفا,2007,47000,أبيض عاجي ,ديزل ,خصوصي ,فلسطينية ,اوتوماتيك ,2000,27/01/2021,"مُكيّف,إغلاق مركزي,جهاز إنذار,مسجل CD,فتحة سقف,جنطات مغنيسيوم,فرش جلد,وسادة حماية هوائية",6+1 ,نقدا فقط 
بيجو 308,2011,39500,فيراني ,بنزين ,خصوصي ,فلسطينية ,اوتوماتيك ,1600,10/02/2021,"مُكيّف,إغلاق مركزي,جهاز إنذار,مسجل CD,وسادة حماية هوائية",4+1 ,نقدا فقط 
مرسيدس 200,2005,58000,بترولي ,ديزل ,خصوصي ,فلسطينية ,اوتوماتيك ,2200,10/02/2021,"مُكيّف,إغلاق مركزي,جهاز إنذار,مسجل CD,فتحة سقف,جنطات مغنيسيوم,فرش جلد,وسادة حماية هوائية",4+1 ,إمكانية التقسيط 
سكودا اوكتافيا,2011,62500,أسود ,ديزل ,خصوصي ,فلسطينية ,اوتوماتيك ,1600,27/01/2021,"مُكيّف,إغلاق مركزي,جهاز إنذار,مسجل CD,جنطات مغنيسيوم,وسادة حماية هوائية",4+1 ,نقدا فقط 
فورد فيستا,2014,49000,فيراني ,بنزين ,خصوصي ,فلسطينية ,اوتوماتيك ,1600,10/02/2021,"مُكيّف,إغلاق مركزي,جهاز إنذار,مسجل CD,جنطات مغنيسيوم,وسادة حماية هوائية",4+1 ,نقدا فقط 
سكودا اوكتافيا,2014,74999,أسود ميتالك ,ديزل ,خصوصي ,فلسطينية ,اوتوماتيك ,1600,27/01/2021,"مُكيّف,إغلاق مركزي,جهاز إنذار,مسجل CD,جنطات مغنيسيوم,فرش جلد,وسادة حماية هوائية",,نقدا فقط 
اوبل كورسا,1998,20000,أبيض عاجي ,بنزين ,خصوصي ,فلسطينية ,عادي ,1400,10/02/2021,"إغلاق مركزي,جهاز إنذار,مسجل CD,جنطات مغنيسيوم,وسادة حماية هوائية",4+1 ,نقدا فقط 
اوبل كورسا,2008,36000,أسود ميتالك ,بنزين ,خصوصي ,فلسطينية ,اوتوماتيك ,1400,27/01/2021,"مُكيّف,إغلاق مركزي,مسجل CD,جنطات مغنيسيوم",4+1 ,إمكانية التقسيط 
هونداي توسان,2014,78000,فيراني ,ديزل ,خصوصي ,فلسطينية ,اوتوماتيك ,2000,10/02/2021,"مُكيّف,إغلاق مركزي,جهاز إنذار,مسجل CD,فتحة سقف,جنطات مغنيسيوم,فرش جلد,وسادة حماية هوائية",5+1 ,نقدا فقط 
هونداي توسان,2017,112000,أبيض ,ديزل ,خصوصي ,فلسطينية ,اوتوماتيك ,2000,27/01/2021,"مُكيّف,إغلاق مركزي,جهاز إنذار,مسجل CD,فتحة سقف,جنطات مغنيسيوم,فرش جلد,وسادة حماية هوائية",4+1 ,نقدا فقط 
سكودا اوكتافيا,2016,83000,أسود ,بنزين ,خصوصي ,فلسطينية ,اوتوماتيك ,1400,27/01/2021,"مُكيّف,إغلاق مركزي,جهاز إنذار,جنطات مغنيسيوم,وسادة حماية هوائية",4+1 ,نقدا فقط 
فولكسفاجن باسات,2013,76000,كحلي ,ديزل ,خصوصي ,فلسطينية ,اوتوماتيك ,2000,10/02/2021,"مُكيّف,إغلاق مركزي,مسجل CD,جنطات مغنيسيوم,وسادة حماية هوائية",4+1 ,نقدا فقط 
بي ام دبليو 316,2005,54000,سكني ,بنزين ,خصوصي ,فلسطينية ,اوتوماتيك ,1600,10/02/2021,"مُكيّف,إغلاق مركزي,مسجل CD,فتحة سقف,جنطات مغنيسيوم,وسادة حماية هوائية",4+1 ,نقدا فقط 
هوندا سيفيك,2008,45000,ذهبي ,بنزين ,خصوصي ,فلسطينية ,اوتوماتيك ,1800,10/02/2021,"مُكيّف,إغلاق مركزي,جهاز إنذار,مسجل CD,جنطات مغنيسيوم,فرش جلد,وسادة حماية هوائية",4+1 ,نقدا فقط 
بيجو 306,1999,148000,فضي ,بنزين ,خصوصي ,فلسطينية ,عادي ,1400,10/02/2021,جنطات مغنيسيوم,4+1 ,نقدا فقط 
فولكسفاجن بولو,2013,52000,فضي ,بنزين ,خصوصي ,فلسطينية ,اوتوماتيك ,1400,10/02/2021,"مُكيّف,إغلاق مركزي,جهاز إنذار,مسجل CD,وسادة حماية هوائية",4+1 ,نقدا فقط 
هونداي i30,2008,40500,سكني ,بنزين ,خصوصي ,فلسطينية ,اوتوماتيك ,1600,10/02/2021,"مُكيّف,إغلاق مركزي,جهاز إنذار,مسجل CD,جنطات مغنيسيوم,فرش جلد,وسادة حماية هوائية",4+1 ,إمكانية التقسيط 
اوبل استرا,2011,47000,فضي ,بنزين ,خصوصي ,فلسطينية ,عادي ,1600,10/02/2021,"مُكيّف,إغلاق مركزي,جهاز إنذار,مسجل CD,جنطات مغنيسيوم,فرش جلد,وسادة حماية هوائية",4+1 ,إمكانية التقسيط 
فولكسفاجن بولو,2019,85000,فضي ,بنزين ,خصوصي ,فلسطينية ,اوتوماتيك ,1000,10/02/2021,"مُكيّف,إغلاق مركزي,جهاز إنذار,مسجل CD,جنطات مغنيسيوم",4+1 ,إمكانية التقسيط 
هونداي سانتافيه,2015,110000,أبيض ,ديزل ,خصوصي ,فلسطينية ,اوتوماتيك ,2000,10/02/2021,"مُكيّف,إغلاق مركزي,جهاز إنذار,مسجل CD,فتحة سقف,جنطات مغنيسيوم,فرش جلد,وسادة حماية هوائية",6+1 ,نقدا فقط 
فولكسفاجن باسات,2005,37000,أسود ,ديزل ,خصوصي ,فلسطينية ,اوتوماتيك ,1900,10/02/2021,"مُكيّف,جنطات مغنيسيوم,فرش جلد",4+1 ,نقدا فقط 
بيجو 306,1999,22000,فضي ,بنزين ,خصوصي ,فلسطينية ,عادي ,1400,10/02/2021,"مُكيّف,إغلاق مركزي,جهاز إنذار,مسجل CD,وسادة حماية هوائية",4+1 ,نقدا فقط 
مرسيدس C180,2014,120000,أبيض عاجي ,بنزين ,خصوصي ,فلسطينية ,اوتوماتيك ,1600,10/02/2021,"مُكيّف,إغلاق مركزي,جهاز إنذار,مسجل CD,فتحة سقف,جنطات مغنيسيوم,وسادة حماية هوائية",4+1 ,إمكانية التقسيط 
هونداي اكسنت,2014,57000,فضي ,ديزل ,خصوصي ,فلسطينية ,اوتوماتيك ,1600,10/02/2021,"مُكيّف,إغلاق مركزي,مسجل CD,جنطات مغنيسيوم,وسادة حماية هوائية",4+1 ,نقدا فقط 
اوبل استرا,2006,37000,خمري ,بنزين ,خصوصي ,فلسطينية ,عادي ,1600,10/02/2021,"مُكيّف,إغلاق مركزي,جهاز إنذار,مسجل CD,جنطات مغنيسيوم,فرش جلد,وسادة حماية هوائية",4+1 ,إمكانية التقسيط 
كيا مورننغ,2015,37000,أبيض ,بنزين ,خصوصي ,فلسطينية ,اوتوماتيك ,1000,10/02/2021,"مُكيّف,إغلاق مركزي,جهاز إنذار,جنطات مغنيسيوم,فرش جلد,وسادة حماية هوائية",4+1 ,نقدا فقط 
هونداي جيتس,2009,33000,سكني ,بنزين ,خصوصي ,فلسطينية ,اوتوماتيك ,1400,10/02/2021,"مُكيّف,إغلاق مركزي,جهاز إنذار,مسجل CD,جنطات مغنيسيوم,فرش جلد,وسادة حماية هوائية",4+1 ,إمكانية التقسيط 
فولكسفاجن بولو,1996,23000,أحمر ,بنزين ,خصوصي ,فلسطينية ,عادي ,1400,10/02/2021,"مُكيّف,إغلاق مركزي,جهاز إنذار,مسجل CD,جنطات مغنيسيوم,فرش جلد,وسادة حماية هوائية",4+1 ,نقدا فقط 
سكودا سوبيرب,2014,95000,ذهبي ,بنزين ,خصوصي ,فلسطينية ,اوتوماتيك ,2000,10/02/2021,"مُكيّف,إغلاق مركزي,جهاز إنذار,مسجل CD,فتحة سقف,جنطات مغنيسيوم,فرش جلد,وسادة حماية هوائية",4+1 ,نقدا فقط 
سكودا اوكتافيا,2005,40000,أبيض ,ديزل ,عمومي ,فلسطينية ,عادي ,2000,10/02/2021,"مُكيّف,إغلاق مركزي,جهاز إنذار,مسجل CD,وسادة حماية هوائية",4+1 ,إمكانية التقسيط 
اودي Q7,2008,130000,أسود ميتالك ,ديزل ,خصوصي ,فلسطينية ,اوتوماتيك ,3000,10/02/2021,"مُكيّف,إغلاق مركزي,جهاز إنذار,مسجل CD,فتحة سقف,جنطات مغنيسيوم,فرش جلد,وسادة حماية هوائية",6+1 ,إمكانية التقسيط 
سكودا فابيا,2005,32000,أبيض ,ديزل ,عمومي ,فلسطينية ,عادي ,1600,10/02/2021,"مُكيّف,جهاز إنذار,مسجل CD",4+1 ,إمكانية التقسيط 
مرسيدس 518,2008,90000,أبيض ,ديزل ,تجاري ,فلسطينية ,اوتوماتيك ,3800,10/02/2021,"مُكيّف,إغلاق مركزي,مسجل CD",6+1 ,إمكانية التقسيط 
فولكسفاجن باسات,2010,66000,بني ,بنزين ,خصوصي ,فلسطينية ,نصف اوتوماتيك ,1800,10/02/2021,"مُكيّف,إغلاق مركزي,جهاز إنذار,مسجل CD,فتحة سقف,جنطات مغنيسيوم,فرش جلد,وسادة حماية هوائية",3+1 ,نقدا فقط 
مرسيدس E200,2015,170000,أبيض عاجي ,ديزل ,خصوصي ,فلسطينية ,اوتوماتيك ,2200,10/02/2021,"مُكيّف,إغلاق مركزي,جهاز إنذار,مسجل CD,فتحة سقف,جنطات مغنيسيوم,فرش جلد,وسادة حماية هوائية",4+1 ,إمكانية التقسيط 